字,假名,送假名,旧字体,音训读,简体字
亜,あ,,亞,音读,亚
哀,あい,,,音读,
哀,あわ,れ,,训读,
哀,あわ,れむ,,训读,
挨,あい,,,音读,
愛,あい,,,音读,爱
曖,あい,,,音读,暧
悪,あく,,惡,音读,恶
悪,お,,惡,音读,恶
悪,わる,い,惡,训读,恶
握,あく,,,音读,
握,にぎ,る,,训读,
圧,あつ,,壓,音读,压
扱,あつか,う,,训读,
宛,あ,てる,,训读,
嵐,あらし,,,训读,岚
安,あん,,,音读,
安,やす,い,,训读,
案,あん,,,音读,
暗,あん,,,音读,
暗,くら,い,,训读,
以,い,,,音读,
衣,い,,,音读,
衣,ころも,,,训读,
位,い,,,音读,
位,くらい,,,训读,
囲,い,,圍,音读,围
囲,かこ,む,圍,训读,围
囲,かこ,う,圍,训读,围
医,い,,醫,音读,
依,い,,,音读,
依,え,,,音读,
委,い,,,音读,
委,ゆだ,ねる,,训读,
威,い,,,音读,
為,い,,爲,音读,为
畏,い,,,音读,
畏,おそ,れる,,训读,
胃,い,,,音读,
尉,い,,,音读,
異,い,,,音读,异
異,こと,,,训读,异
移,い,,,音读,
移,うつ,る,,训读,
移,うつ,す,,训读,
萎,い,,,音读,
萎,な,える,,训读,
偉,い,,,音读,伟
偉,えら,い,,训读,伟
椅,い,,,音读,
彙,い,,,音读,汇
意,い,,,音读,
違,い,,,音读,违
違,ちが,う,,训读,违
違,ちが,える,,训读,违
維,い,,,音读,维
慰,い,,,音读,
慰,なぐさ,める,,训读,
慰,なぐさ,む,,训读,
遺,い,,,音读,遗
遺,ゆい,,,音读,遗
緯,い,,,音读,纬
域,いき,,,音读,
育,いく,,,音读,
育,そだ,つ,,训读,
育,そだ,てる,,训读,
育,はぐく,む,,训读,
一,いち,,,音读,
一,いつ,,,音读,
一,ひと,,,训读,
一,ひと,つ,,训读,
壱,いち,,壹,音读,壹
逸,いつ,,逸,音读,
茨,いばら,,,训读,
芋,いも,,,训读,
引,いん,,,音读,
引,ひ,く,,训读,
引,ひ,ける,,训读,
印,いん,,,音读,
印,しるし,,,训读,
因,いん,,,音读,
因,よ,る,,训读,
咽,いん,,,音读,
姻,いん,,,音读,
員,いん,,,音读,员
院,いん,,,音读,
淫,いん,,,音读,
淫,みだら,,,训读,
陰,いん,,,音读,阴
陰,かげ,,,训读,阴
陰,かげ,る,,训读,阴
飲,いん,,,音读,饮
飲,の,む,,训读,饮
隠,いん,,隱,音读,隐
隠,かく,す,隱,训读,隐
隠,かく,れる,隱,训读,隐
韻,いん,,,音读,韵
右,う,,,音读,
右,ゆう,,,音读,
右,みぎ,,,训读,
宇,う,,,音读,
羽,う,,,音读,
羽,は,,,训读,
羽,はね,,,训读,
雨,う,,,音读,
雨,あめ,,,训读,
雨,あま,,,训读,
唄,うた,,,训读,呗
鬱,うつ,,,音读,郁
畝,うね,,,训读,亩
浦,うら,,,训读,
運,うん,,,音读,运
運,はこ,ぶ,,训读,运
雲,うん,,,音读,云
雲,くも,,,训读,云
永,えい,,,音读,
永,なが,い,,训读,
泳,えい,,,音读,
泳,およ,ぐ,,训读,
英,えい,,,音读,
映,えい,,,音读,
映,うつ,る,,训读,
映,うつ,す,,训读,
映,は,える,,训读,
栄,えい,,榮,音读,荣
栄,さか,える,榮,训读,荣
栄,はえ,,榮,训读,荣
栄,は,える,榮,训读,荣
営,えい,,營,音读,营
営,いとな,む,營,训读,营
詠,えい,,,音读,咏
詠,よ,む,,训读,咏
影,えい,,,音读,
影,かげ,,,训读,
鋭,えい,,,音读,锐
鋭,するど,い,,训读,锐
衛,えい,,衞,音读,卫
易,えき,,,音读,
易,い,,,音读,
易,やさ,しい,,训读,
疫,えき,,,音读,
疫,やく,,,音读,
益,えき,,,音读,
益,やく,,,音读,
液,えき,,,音读,
駅,えき,,驛,音读,驿
悦,えつ,,,音读,
越,えつ,,,音读,
越,こ,す,,训读,
越,こ,える,,训读,
謁,えつ,,謁,音读,谒
閲,えつ,,,音读,阅
円,えん,,圓,音读,圆
円,まる,い,圓,训读,圆
延,えん,,,音读,
延,の,びる,,训读,
延,の,べる,,训读,
延,の,ばす,,训读,
沿,えん,,,音读,
沿,そ,う,,训读,
炎,えん,,,音读,
炎,ほのお,,,训读,
怨,えん,,,音读,
怨,おん,,,音读,
宴,えん,,,音读,
媛,えん,,,音读,
援,えん,,,音读,
園,えん,,,音读,园
園,その,,,训读,园
煙,えん,,,音读,烟
煙,けむ,る,,训读,烟
煙,けむり,,,训读,烟
煙,けむ,い,,训读,烟
猿,えん,,,音读,
猿,さる,,,训读,
遠,えん,,,音读,远
遠,おん,,,音读,远
遠,とお,い,,训读,远
鉛,えん,,,音读,铅
鉛,なまり,,,训读,铅
塩,えん,,鹽,音读,盐
塩,しお,,鹽,训读,盐
演,えん,,,音读,
縁,えん,,緣,音读,缘
縁,ふち,,緣,训读,缘
艶,えん,,艷,音读,艳
艶,つや,,艷,训读,艳
汚,お,,,音读,污
汚,けが,す,,训读,污
汚,けが,れる,,训读,污
汚,けが,らわしい,,训读,污
汚,よご,す,,训读,污
汚,よご,れる,,训读,污
汚,きたな,い,,训读,污
王,おう,,,音读,
凹,おう,,,音读,
央,おう,,,音读,
応,おう,,應,音读,应
応,こた,える,應,训读,应
往,おう,,,音读,
押,おう,,,音读,
押,お,す,,训读,
押,お,さえる,,训读,
旺,おう,,,音读,
欧,おう,,歐,音读,
殴,おう,,毆,音读,
殴,なぐ,る,毆,训读,
桜,おう,,櫻,音读,樱
桜,さくら,,櫻,训读,樱
翁,おう,,,音读,
奥,おう,,奧,音读,
奥,おく,,奧,训读,
横,おう,,橫,音读,
横,よこ,,橫,训读,
岡,おか,,,训读,冈
屋,おく,,,音读,
屋,や,,,训读,
億,おく,,,音读,亿
憶,おく,,,音读,忆
臆,おく,,,音读,
虞,おそれ,,,训读,
乙,おつ,,,音读,
俺,おれ,,,训读,
卸,おろ,す,,训读,
卸,おろし,,,训读,
音,おん,,,音读,
音,いん,,,音读,
音,おと,,,训读,
音,ね,,,训读,
恩,おん,,,音读,
温,おん,,溫,音读,
温,あたたか,,溫,训读,
温,あたた,かい,溫,训读,
温,あたた,まる,溫,训读,
温,あたた,める,溫,训读,
穏,おん,,穩,音读,稳
穏,おだやか,,穩,训读,稳
下,か,,,音读,
下,げ,,,音读,
下,した,,,训读,
下,しも,,,训读,
下,もと,,,训读,
下,さ,げる,,训读,
下,さ,がる,,训读,
下,くだ,る,,训读,
下,くだ,す,,训读,
下,くだ,さる,,训读,
下,お,ろす,,训读,
下,お,りる,,训读,
化,か,,,音读,
化,け,,,音读,
化,ば,ける,,训读,
化,ば,かす,,训读,
火,か,,,音读,
火,ひ,,,训读,
火,ほ,,,训读,
加,か,,,音读,
加,くわ,える,,训读,
加,くわ,わる,,训读,
可,か,,,音读,
仮,か,,假,音读,假
仮,け,,假,音读,假
仮,かり,,假,训读,假
何,か,,,音读,
何,なに,,,训读,
何,なん,,,训读,
花,か,,,音读,
花,はな,,,训读,
佳,か,,,音读,
価,か,,價,音读,价
価,あたい,,價,训读,价
果,か,,,音读,
果,は,たす,,训读,
果,は,てる,,训读,
果,は,て,,训读,
河,か,,,音读,
河,かわ,,,训读,
苛,か,,,音读,
科,か,,,音读,
架,か,,,音读,
架,か,ける,,训读,
架,か,かる,,训读,
夏,か,,,音读,
夏,げ,,,音读,
夏,なつ,,,训读,
家,か,,,音读,
家,け,,,音读,
家,いえ,,,训读,
家,や,,,训读,
荷,か,,,音读,
荷,に,,,训读,
華,か,,,音读,华
華,け,,,音读,华
華,はな,,,训读,华
菓,か,,,音读,果
貨,か,,,音读,货
渦,か,,,音读,涡
渦,うず,,,训读,涡
過,か,,,音读,过
過,す,ぎる,,训读,过
過,す,ごす,,训读,过
過,あやま,つ,,训读,过
過,あやま,ち,,训读,过
嫁,か,,,音读,
嫁,よめ,,,训读,
嫁,とつ,ぐ,,训读,
暇,か,,,音读,
暇,ひま,,,训读,
禍,か,,禍,音读,祸
靴,か,,,音读,
靴,くつ,,,训读,
寡,か,,,音读,
歌,か,,,音读,
歌,うた,,,训读,
歌,うた,う,,训读,
箇,か,,,音读,个
稼,か,,,音读,
稼,かせ,ぐ,,训读,
課,か,,,音读,课
蚊,か,,,训读,
牙,が,,,音读,
牙,げ,,,音读,
牙,きば,,,训读,
瓦,が,,,音读,
瓦,かわら,,,训读,
我,が,,,音读,
我,われ,,,训读,
我,わ,,,训读,
画,が,,畫,音读,
画,かく,,畫,音读,
芽,が,,,音读,
芽,め,,,训读,
賀,が,,,音读,贺
雅,が,,,音读,
餓,が,,,音读,饿
介,かい,,,音读,
回,かい,,,音读,
回,え,,,音读,
回,まわ,る,,训读,
回,まわ,す,,训读,
灰,かい,,,音读,
灰,はい,,,训读,
会,かい,,會,音读,
会,え,,會,音读,
会,あ,う,會,训读,
快,かい,,,音读,
快,こころよ,い,,训读,
戒,かい,,,音读,
戒,いまし,める,,训读,
改,かい,,,音读,
改,あらた,める,,训读,
改,あらた,まる,,训读,
怪,かい,,,音读,
怪,あや,しい,,训读,
怪,あや,しむ,,训读,
拐,かい,,,音读,
悔,かい,,悔,音读,
悔,く,いる,悔,训读,
悔,く,やむ,悔,训读,
悔,くや,しい,悔,训读,
海,かい,,海,音读,
海,うみ,,海,训读,
界,かい,,,音读,
皆,かい,,,音读,
皆,みな,,,训读,
械,かい,,,音读,
絵,かい,,繪,音读,绘
絵,え,,繪,音读,绘
開,かい,,,音读,开
開,ひら,く,,训读,开
開,ひら,ける,,训读,开
開,あ,く,,训读,开
開,あ,ける,,训读,开
階,かい,,,音读,阶
塊,かい,,,音读,块
塊,かたまり,,,训读,块
楷,かい,,,音读,
解,かい,,,音读,
解,げ,,,音读,
解,と,く,,训读,
解,と,かす,,训读,
解,と,ける,,训读,
潰,かい,,,音读,溃
潰,つぶ,す,,训读,溃
潰,つぶ,れる,,训读,溃
壊,かい,,壞,音读,坏
壊,こわ,す,壞,训读,坏
壊,こわ,れる,壞,训读,坏
懐,かい,,懷,音读,怀
懐,ふところ,,懷,训读,怀
懐,なつ,かしい,懷,训读,怀
懐,なつ,かしむ,懷,训读,怀
懐,なつ,く,懷,训读,怀
懐,なつ,ける,懷,训读,怀
諧,かい,,,音读,谐
貝,かい,,,训读,贝
外,がい,,,音读,
外,げ,,,音读,
外,そと,,,训读,
外,ほか,,,训读,
外,はず,す,,训读,
外,はず,れる,,训读,
劾,がい,,,音读,
害,がい,,,音读,
崖,がい,,,音读,
崖,がけ,,,训读,
涯,がい,,,音读,
街,がい,,,音读,
街,かい,,,音读,
街,まち,,,训读,
慨,がい,,慨,音读,
蓋,がい,,,音读,盖
蓋,ふた,,,训读,盖
該,がい,,,音读,该
概,がい,,槪,音读,
骸,がい,,,音读,
垣,かき,,,训读,
柿,かき,,,训读,
各,かく,,,音读,
各,おのおの,,,训读,
角,かく,,,音读,
角,かど,,,训读,
角,つの,,,训读,
拡,かく,,擴,音读,扩
革,かく,,,音读,
革,かわ,,,训读,
格,かく,,,音读,
格,こう,,,音读,
核,かく,,,音读,
殻,かく,,殼,音读,壳
殻,から,,殼,训读,壳
郭,かく,,,音读,
覚,かく,,覺,音读,觉
覚,おぼ,える,覺,训读,觉
覚,さ,ます,覺,训读,觉
覚,さ,める,覺,训读,觉
較,かく,,,音读,较
隔,かく,,,音读,
隔,へだ,てる,,训读,
隔,へだ,たる,,训读,
閣,かく,,,音读,阁
確,かく,,,音读,确
確,たしか,,,训读,确
確,たし,かめる,,训读,确
獲,かく,,,音读,获
獲,え,る,,训读,获
嚇,かく,,,音读,吓
穫,かく,,,音读,获
学,がく,,學,音读,
学,まな,ぶ,學,训读,
岳,がく,,嶽,音读,
岳,たけ,,嶽,训读,
楽,がく,,樂,音读,乐
楽,らく,,樂,音读,乐
楽,たの,しい,樂,训读,乐
楽,たの,しむ,樂,训读,乐
額,がく,,,音读,额
額,ひたい,,,训读,额
顎,がく,,,音读,颚
顎,あご,,,训读,颚
掛,か,ける,,训读,挂
掛,か,かる,,训读,挂
掛,かかり,,,训读,挂
潟,かた,,,训读,泻
括,かつ,,,音读,
活,かつ,,,音读,
喝,かつ,,喝,音读,
渇,かつ,,渴,音读,渴
渇,かわ,く,渴,训读,渴
割,かつ,,,音读,
割,わ,る,,训读,
割,わり,,,训读,
割,わ,れる,,训读,
割,さ,く,,训读,
葛,かつ,,,音读,
葛,くず,,,训读,
滑,かつ,,,音读,
滑,こつ,,,音读,
滑,すべ,る,,训读,
滑,なめらか,,,训读,
褐,かつ,,褐,音读,
轄,かつ,,,音读,辖
且,か,つ,,训读,
株,かぶ,,,训读,
釜,かま,,,训读,
鎌,かま,,,训读,
刈,か,る,,训读,
干,かん,,,音读,
干,ほ,す,,训读,
干,ひる,,,训读,
刊,かん,,,音读,
甘,かん,,,音读,
甘,あま,い,,训读,
甘,あま,える,,训读,
甘,あま,やかす,,训读,
汗,かん,,,音读,
汗,あせ,,,训读,
缶,かん,,罐,音读,罐
完,かん,,,音读,
肝,かん,,,音读,
肝,きも,,,训读,
官,かん,,,音读,
冠,かん,,,音读,
冠,かんむり,,,训读,
巻,かん,,卷,音读,卷
巻,ま,く,卷,训读,卷
巻,まき,,卷,训读,卷
看,かん,,,音读,
陥,かん,,陷,音读,陷
陥,おちい,る,陷,训读,陷
陥,おとしい,れる,陷,训读,陷
乾,かん,,,音读,干
乾,かわ,く,,训读,干
乾,かわ,かす,,训读,干
勘,かん,,,音读,
患,かん,,,音读,
患,わずら,う,,训读,
貫,かん,,,音读,贯
貫,つらぬ,く,,训读,贯
寒,かん,,,音读,
寒,さむ,い,,训读,
喚,かん,,,音读,唤
堪,かん,,,音读,
堪,た,える,,训读,
換,かん,,,音读,换
換,か,える,,训读,换
換,か,わる,,训读,换
敢,かん,,,音读,
棺,かん,,,音读,
款,かん,,,音读,
間,かん,,,音读,间
間,けん,,,音读,间
間,あいだ,,,训读,间
間,ま,,,训读,间
閑,かん,,,音读,闲
勧,かん,,勸,音读,劝
勧,すす,める,勸,训读,劝
寛,かん,,寬,音读,宽
幹,かん,,,音读,干
幹,みき,,,训读,干
感,かん,,,音读,
漢,かん,,漢,音读,汉
慣,かん,,,音读,惯
慣,な,れる,,训读,惯
慣,な,らす,,训读,惯
管,かん,,,音读,
管,くだ,,,训读,
関,かん,,關,音读,关
関,せき,,關,训读,关
関,かか,わる,關,训读,关
歓,かん,,歡,音读,欢
監,かん,,,音读,监
緩,かん,,,音读,缓
緩,ゆる,い,,训读,缓
緩,ゆるやか,,,训读,缓
緩,ゆる,む,,训读,缓
緩,ゆる,める,,训读,缓
憾,かん,,,音读,
還,かん,,,音读,还
館,かん,,,音读,馆
館,やかた,,,训读,馆
環,かん,,,音读,环
簡,かん,,,音读,简
観,かん,,觀,音读,观
韓,かん,,,音读,韩
艦,かん,,,音读,舰
鑑,かん,,,音读,鉴
鑑,かんが,みる,,训读,鉴
丸,がん,,,音读,
丸,まる,,,训读,
丸,まる,い,,训读,
丸,まる,める,,训读,
含,がん,,,音读,
含,ふく,む,,训读,
含,ふく,める,,训读,
岸,がん,,,音读,
岸,きし,,,训读,
岩,がん,,,音读,
岩,いわ,,,训读,
玩,がん,,,音读,
眼,がん,,,音读,
眼,げん,,,音读,
眼,まなこ,,,训读,
頑,がん,,,音读,顽
顔,がん,,,音读,颜
顔,かお,,,训读,颜
願,がん,,,音读,愿
願,ねが,う,,训读,愿
企,き,,,音读,
企,くわだ,てる,,训读,
伎,き,,,音读,
危,き,,,音读,
危,あぶ,ない,,训读,
危,あや,うい,,训读,
危,あや,ぶむ,,训读,
机,き,,,音读,
机,つくえ,,,训读,
気,き,,氣,音读,气
気,け,,氣,音读,气
岐,き,,,音读,歧
希,き,,,音读,稀
忌,き,,,音读,
忌,い,む,,训读,
忌,い,まわしい,,训读,
汽,き,,,音读,
奇,き,,,音读,
祈,き,,祈,音读,
祈,いの,る,祈,训读,
季,き,,,音读,
紀,き,,,音读,纪
軌,き,,,音读,轨
既,き,,既,音读,
既,すで,に,既,训读,
記,き,,,音读,记
記,しる,す,,训读,记
起,き,,,音读,
起,お,きる,,训读,
起,お,こる,,训读,
起,お,こす,,训读,
飢,き,,,音读,馑
飢,う,える,,训读,馑
鬼,き,,,音读,
鬼,おに,,,训读,
帰,き,,歸,音读,归
帰,かえ,る,歸,训读,归
帰,かえ,す,歸,训读,归
基,き,,,音读,
基,もと,,,训读,
基,もとい,,,训读,
寄,き,,,音读,
寄,よ,る,,训读,
寄,よ,せる,,训读,
規,き,,,音读,规
亀,き,,龜,音读,龟
亀,かめ,,龜,训读,龟
喜,き,,,音读,
喜,よろこ,ぶ,,训读,
幾,き,,,音读,几
幾,いく,,,训读,几
揮,き,,,音读,挥
期,き,,,音读,
期,ご,,,音读,
棋,き,,,音读,
貴,き,,,音读,贵
貴,たっと,い,,训读,贵
貴,とうと,い,,训读,贵
貴,たっと,ぶ,,训读,贵
貴,とうと,ぶ,,训读,贵
棄,き,,,音读,弃
毀,き,,,音读,
旗,き,,,音读,
旗,はた,,,训读,
器,き,,器,音读,
器,うつわ,,器,训读,
畿,き,,,音读,
輝,き,,,音读,辉
輝,かがや,く,,训读,辉
機,き,,,音读,机
機,はた,,,训读,机
騎,き,,,音读,骑
技,ぎ,,,音读,
技,わざ,,,训读,
宜,ぎ,,,音读,
偽,ぎ,,僞,音读,伪
偽,いつわ,る,僞,训读,伪
偽,にせ,,僞,训读,伪
欺,ぎ,,,音读,
欺,あざむ,く,,训读,
義,ぎ,,,音读,义
疑,ぎ,,,音读,
疑,うたが,う,,训读,
儀,ぎ,,,音读,仪
戯,ぎ,,戲,音读,戏
戯,たわむ,れる,戲,训读,戏
擬,ぎ,,,音读,拟
犠,ぎ,,犧,音读,牺
議,ぎ,,,音读,议
菊,きく,,,音读,
吉,きち,,,音读,
吉,きつ,,,音读,
喫,きつ,,,音读,吃
詰,きつ,,,音读,诘
詰,つ,める,,训读,诘
詰,つ,まる,,训读,诘
詰,つ,む,,训读,诘
却,きゃく,,,音读,
客,きゃく,,,音读,
客,かく,,,音读,
脚,きゃく,,,音读,
脚,きゃ,,,音读,
脚,あし,,,训读,
逆,ぎゃく,,,音读,
逆,さか,,,训读,
逆,さか,らう,,训读,
虐,ぎゃく,,,音读,
虐,しいた,げる,,训读,
九,きゅう,,,音读,
九,く,,,音读,
九,ここの,,,训读,
九,ここの,つ,,训读,
久,きゅう,,,音读,
久,く,,,音读,
久,ひさ,しい,,训读,
及,きゅう,,,音读,
及,およ,ぶ,,训读,
及,およ,び,,训读,
及,およ,ぼす,,训读,
弓,きゅう,,,音读,
弓,ゆみ,,,训读,
丘,きゅう,,,音读,
丘,おか,,,训读,
旧,きゅう,,舊,音读,
休,きゅう,,,音读,
休,やす,む,,训读,
休,やす,まる,,训读,
休,やす,める,,训读,
吸,きゅう,,,音读,
吸,す,う,,训读,
朽,きゅう,,,音读,
朽,く,ちる,,训读,
臼,きゅう,,,音读,
臼,うす,,,训读,
求,きゅう,,,音读,
求,もと,める,,训读,
究,きゅう,,,音读,
究,きわ,める,,训读,
泣,きゅう,,,音读,
泣,な,く,,训读,
急,きゅう,,,音读,
急,いそ,ぐ,,训读,
級,きゅう,,,音读,级
糾,きゅう,,,音读,纠
宮,きゅう,,,音读,宫
宮,ぐう,,,音读,宫
宮,く,,,音读,宫
宮,みや,,,训读,宫
救,きゅう,,,音读,
救,すく,う,,训读,
球,きゅう,,,音读,
球,たま,,,训读,
給,きゅう,,,音读,给
嗅,きゅう,,,音读,
嗅,か,ぐ,,训读,
窮,きゅう,,,音读,穷
窮,きわ,める,,训读,穷
窮,きわ,まる,,训读,穷
牛,ぎゅう,,,音读,
牛,うし,,,训读,
去,きょ,,,音读,
去,こ,,,音读,
去,さ,る,,训读,
巨,きょ,,,音读,
居,きょ,,,音读,
居,い,る,,训读,
拒,きょ,,,音读,
拒,こば,む,,训读,
拠,きょ,,據,音读,据
拠,こ,,據,音读,据
挙,きょ,,擧,音读,举
挙,あ,げる,擧,训读,举
挙,あ,がる,擧,训读,举
虚,きょ,,虛,音读,
虚,こ,,虛,音读,
許,きょ,,,音读,许
許,ゆる,す,,训读,许
距,きょ,,,音读,
魚,ぎょ,,,音读,鱼
魚,うお,,,训读,鱼
魚,さかな,,,训读,鱼
御,ぎょ,,,音读,
御,ご,,,音读,
御,おん,,,训读,
漁,ぎょ,,,音读,渔
漁,りょう,,,音读,渔
凶,きょう,,,音读,
共,きょう,,,音读,
共,とも,,,训读,
叫,きょう,,,音读,
叫,さけ,ぶ,,训读,
狂,きょう,,,音读,
狂,くる,う,,训读,
狂,くる,おしい,,训读,
京,きょう,,,音读,
京,けい,,,音读,
享,きょう,,,音读,
供,きょう,,,音读,
供,く,,,音读,
供,そな,える,,训读,
供,とも,,,训读,
協,きょう,,,音读,协
況,きょう,,,音读,况
峡,きょう,,峽,音读,
挟,きょう,,挾,音读,
挟,はさ,む,挾,训读,
挟,はさ,まる,挾,训读,
狭,きょう,,狹,音读,
狭,せま,い,狹,训读,
狭,せば,める,狹,训读,
狭,せば,まる,狹,训读,
恐,きょう,,,音读,
恐,おそ,れる,,训读,
恐,おそ,ろしい,,训读,
恭,きょう,,,音读,
恭,うやうや,しい,,训读,
胸,きょう,,,音读,
胸,むね,,,训读,
胸,むな,,,训读,
脅,きょう,,,音读,胁
脅,おびや,かす,,训读,胁
脅,おど,す,,训读,胁
脅,おど,かす,,训读,胁
強,きょう,,,音读,强
強,ごう,,,音读,强
強,つよ,い,,训读,强
強,つよ,まる,,训读,强
強,つよ,める,,训读,强
強,し,いる,,训读,强
教,きょう,,,音读,
教,おし,える,,训读,
教,おそ,わる,,训读,
郷,きょう,,鄕,音读,乡
郷,ごう,,鄕,音读,乡
境,きょう,,,音读,
境,けい,,,音读,
境,さかい,,,训读,
橋,きょう,,,音读,桥
橋,はし,,,训读,桥
矯,きょう,,,音读,矫
矯,た,める,,训读,矫
鏡,きょう,,,音读,镜
鏡,かがみ,,,训读,镜
競,きょう,,,音读,竞
競,けい,,,音读,竞
競,きそ,う,,训读,竞
競,せ,る,,训读,竞
響,きょう,,響,音读,影
響,ひび,く,響,训读,影
驚,きょう,,,音读,惊
驚,おどろ,く,,训读,惊
驚,おどろ,かす,,训读,惊
仰,ぎょう,,,音读,
仰,こう,,,音读,
仰,あお,ぐ,,训读,
仰,おお,せ,,训读,
暁,ぎょう,,曉,音读,晓
暁,あかつき,,曉,训读,晓
業,ぎょう,,,音读,业
業,ごう,,,音读,业
業,わざ,,,训读,业
凝,ぎょう,,,音读,
凝,こ,る,,训读,
凝,こ,らす,,训读,
曲,きょく,,,音读,
曲,ま,がる,,训读,
曲,ま,げる,,训读,
局,きょく,,,音读,
極,きょく,,,音读,极
極,ごく,,,音读,极
極,きわ,める,,训读,极
極,きわまる,,,训读,极
極,きわみ,,,训读,极
玉,ぎょく,,,音读,
玉,たま,,,训读,
巾,きん,,,音读,
斤,きん,,,音读,
均,きん,,,音读,
近,きん,,,音读,
近,ちか,い,,训读,
金,きん,,,音读,
金,こん,,,音读,
金,かね,,,训读,
金,かな,,,训读,
菌,きん,,,音读,
勤,きん,,勤,音读,
勤,ごん,,勤,音读,
勤,つと,める,勤,训读,
勤,つと,まる,勤,训读,
琴,きん,,,音读,
琴,こと,,,训读,
筋,きん,,,音读,
筋,すじ,,,训读,
僅,きん,,,音读,仅
僅,わずか,,,训读,仅
禁,きん,,,音读,
緊,きん,,,音读,紧
錦,きん,,,音读,锦
錦,にしき,,,训读,锦
謹,きん,,謹,音读,谨
謹,つつし,む,謹,训读,谨
襟,きん,,,音读,
襟,えり,,,训读,
吟,ぎん,,,音读,
銀,ぎん,,,音读,银
区,く,,區,音读,
句,く,,,音读,
苦,く,,,音读,
苦,くる,しい,,训读,
苦,くる,しむ,,训读,
苦,くる,しめる,,训读,
苦,にが,い,,训读,
苦,にがる,,,训读,
駆,く,,驅,音读,驱
駆,か,ける,驅,训读,驱
駆,か,る,驅,训读,驱
具,ぐ,,,音读,
惧,ぐ,,,音读,
愚,ぐ,,,音读,
愚,おろか,,,训读,
空,くう,,,音读,
空,そら,,,训读,
空,あ,く,,训读,
空,あ,ける,,训读,
空,から,,,训读,
偶,ぐう,,,音读,
遇,ぐう,,,音读,
隅,ぐう,,,音读,
隅,すみ,,,训读,
串,く,し,,训读,
屈,くつ,,,音读,
掘,くつ,,,音读,
掘,ほ,る,,训读,
窟,くつ,,,音读,
熊,くま,,,训读,
繰,く,る,,训读,缲
君,くん,,,音读,
君,きみ,,,训读,
訓,くん,,,音读,训
勲,くん,,勳,音读,勋
薫,くん,,薰,音读,熏
薫,かお,る,薰,训读,熏
軍,ぐん,,,音读,军
郡,ぐん,,,音读,
群,ぐん,,,音读,
群,む,れる,,训读,
群,む,れ,,训读,
群,むら,,,训读,
兄,けい,,,音读,
兄,きょう,,,音读,
兄,あに,,,训读,
刑,けい,,,音读,
形,けい,,,音读,
形,ぎょう,,,音读,
形,かた,,,训读,
形,かたち,,,训读,
系,けい,,,音读,
径,けい,,徑,音读,
茎,けい,,莖,音读,
茎,くき,,莖,训读,
係,けい,,,音读,系
係,かか,る,,训读,系
係,かかり,,,训读,系
型,けい,,,音读,
型,かた,,,训读,
契,けい,,,音读,
契,ちぎ,る,,训读,
計,けい,,,音读,计
計,はか,る,,训读,计
計,はか,らう,,训读,计
恵,けい,,惠,音读,惠
恵,え,,惠,音读,惠
恵,めぐ,む,惠,训读,惠
啓,けい,,,音读,启
掲,けい,,揭,音读,揭
掲,かか,げる,揭,训读,揭
渓,けい,,溪,音读,溪
経,けい,,經,音读,经
経,きょう,,經,音读,经
経,へ,る,經,训读,经
蛍,けい,,螢,音读,萤
蛍,ほたる,,螢,训读,萤
敬,けい,,,音读,
敬,うやま,う,,训读,
景,けい,,,音读,
軽,けい,,輕,音读,轻
軽,かる,い,輕,训读,轻
軽,かろやか,,輕,训读,轻
傾,けい,,,音读,倾
傾,かたむ,く,,训读,倾
傾,かたむ,ける,,训读,倾
携,けい,,,音读,
携,たずさ,える,,训读,
携,たずさ,わる,,训读,
継,けい,,繼,音读,继
継,つ,ぐ,繼,训读,继
詣,けい,,,音读,诣
詣,もう,でる,,训读,诣
慶,けい,,,音读,庆
憬,けい,,,音读,
稽,けい,,,音读,
憩,けい,,,音读,
憩,いこ,い,,训读,
憩,いこ,う,,训读,
警,けい,,,音读,
鶏,けい,,鷄,音读,鸡
鶏,にわとり,,鷄,训读,鸡
芸,げい,,藝,音读,艺
迎,げい,,,音读,
迎,むか,える,,训读,
鯨,げい,,,音读,鲸
鯨,くじら,,,训读,鲸
隙,げき,,,音读,
隙,すき,,,训读,
劇,げき,,,音读,剧
撃,げき,,擊,音读,击
撃,う,つ,擊,训读,击
激,げき,,,音读,
激,はげ,しい,,训读,
桁,けた,,,训读,
欠,けつ,,缺,音读,
欠,か,ける,缺,训读,
欠,か,く,缺,训读,
穴,けつ,,,音读,
穴,あな,,,训读,
血,けつ,,,音读,
血,ち,,,训读,
決,けつ,,,音读,决
決,き,める,,训读,决
決,き,まる,,训读,决
結,けつ,,,音读,结
結,むす,ぶ,,训读,结
結,ゆ,う,,训读,结
結,ゆ,わえる,,训读,结
傑,けつ,,,音读,杰
潔,けつ,,,音读,洁
潔,いさぎよ,い,,训读,洁
月,げつ,,,音读,
月,がつ,,,音读,
月,つき,,,训读,
犬,けん,,,音读,
犬,いぬ,,,训读,
件,けん,,,音读,
見,けん,,,音读,见
見,み,る,,训读,见
見,み,える,,训读,见
見,み,せる,,训读,见
券,けん,,,音读,
肩,けん,,,音读,
肩,かた,,,训读,
建,けん,,,音读,
建,こん,,,音读,
建,た,てる,,训读,
建,た,つ,,训读,
研,けん,,硏,音读,
研,と,ぐ,硏,训读,
県,けん,,縣,音读,县
倹,けん,,儉,音读,俭
兼,けん,,,音读,
兼,か,ねる,,训读,
剣,けん,,劍,音读,剑
剣,つるぎ,,劍,训读,剑
拳,けん,,,音读,
拳,こぶし,,,训读,
軒,けん,,,音读,轩
軒,のき,,,训读,轩
健,けん,,,音读,
健,すこやか,,,训读,
険,けん,,險,音读,险
険,けわ,しい,險,训读,险
圏,けん,,圈,音读,圈
堅,けん,,,音读,坚
堅,かた,い,,训读,坚
検,けん,,檢,音读,检
嫌,けん,,,音读,
嫌,げん,,,音读,
嫌,きら,う,,训读,
嫌,いや,,,训读,
献,けん,,獻,音读,
献,こん,,獻,音读,
絹,けん,,,音读,绢
絹,きぬ,,,训读,绢
遣,けん,,,音读,
遣,つか,う,,训读,
遣,つか,わす,,训读,
権,けん,,權,音读,权
権,ごん,,權,音读,权
憲,けん,,,音读,宪
賢,けん,,,音读,贤
賢,かしこ,い,,训读,贤
謙,けん,,,音读,谦
鍵,けん,,,音读,键
鍵,かぎ,,,训读,键
繭,けん,,,音读,茧
繭,まゆ,,,训读,茧
顕,けん,,顯,音读,显
験,けん,,驗,音读,验
験,げん,,驗,音读,验
懸,けん,,,音读,悬
懸,け,,,音读,悬
懸,か,ける,,训读,悬
懸,か,かる,,训读,悬
元,げん,,,音读,
元,がん,,,音读,
元,もと,,,训读,
幻,げん,,,音读,
幻,まぼろし,,,训读,
玄,げん,,,音读,
言,げん,,,音读,
言,ごん,,,音读,
言,い,う,,训读,
言,こと,,,训读,
弦,げん,,,音读,
弦,つる,,,训读,
限,げん,,,音读,
限,かぎ,る,,训读,
原,げん,,,音读,
原,はら,,,训读,
現,げん,,,音读,现
現,あらわ,れる,,训读,现
現,あらわ,す,,训读,现
舷,げん,,,音读,
減,げん,,,音读,减
減,へ,る,,训读,减
減,へ,らす,,训读,减
源,げん,,,音读,
源,みなもと,,,训读,
厳,げん,,嚴,音读,严
厳,ごん,,嚴,音读,严
厳,おごそか,,嚴,训读,严
厳,きび,しい,嚴,训读,严
己,こ,,,音读,
己,き,,,音读,
己,おのれ,,,训读,
戸,こ,,,音读,户
戸,と,,,训读,户
古,こ,,,音读,
古,ふる,い,,训读,
古,ふるす,,,训读,
呼,こ,,,音读,
呼,よ,ぶ,,训读,
固,こ,,,音读,
固,かた,める,,训读,
固,かた,まる,,训读,
固,かた,い,,训读,
股,こ,,,音读,
股,また,,,训读,
虎,こ,,,音读,
虎,とら,,,训读,
孤,こ,,,音读,
弧,こ,,,音读,
故,こ,,,音读,
故,ゆえ,,,训读,
枯,こ,,,音读,
枯,か,れる,,训读,
枯,か,らす,,训读,
個,こ,,,音读,个
庫,こ,,,音读,库
庫,く,,,音读,库
湖,こ,,,音读,
湖,みずうみ,,,训读,
雇,こ,,,音读,
雇,やと,う,,训读,
誇,こ,,,音读,夸
誇,ほこ,る,,训读,夸
鼓,こ,,,音读,
鼓,つづみ,,,训读,
錮,こ,,,音读,锢
顧,こ,,,音读,顾
顧,かえり,みる,,训读,顾
五,ご,,,音读,
五,いつ,,,训读,
五,いつ,つ,,训读,
互,ご,,,音读,
互,たが,い,,训读,
午,ご,,,音读,
呉,ご,,,音读,吴
後,ご,,,音读,后
後,こう,,,音读,后
後,のち,,,训读,后
後,うし,ろ,,训读,后
後,あと,,,训读,后
後,おく,れる,,训读,后
娯,ご,,,音读,娱
悟,ご,,,音读,
悟,さと,る,,训读,
碁,ご,,,音读,棋
語,ご,,,音读,语
語,かた,る,,训读,语
語,かた,らう,,训读,语
誤,ご,,,音读,误
誤,あやま,る,,训读,误
護,ご,,,音读,护
口,こう,,,音读,
口,く,,,音读,
口,くち,,,训读,
工,こう,,,音读,
工,く,,,音读,
公,こう,,,音读,
公,おおやけ,,,训读,
勾,こう,,,音读,
孔,こう,,,音读,
功,こう,,,音读,
功,く,,,音读,
巧,こう,,,音读,
巧,たくみ,,,训读,
広,こう,,廣,音读,广
広,ひろ,い,廣,训读,广
広,ひろ,まる,廣,训读,广
広,ひろ,める,廣,训读,广
広,ひろ,がる,廣,训读,广
広,ひろ,げる,廣,训读,广
甲,こう,,,音读,
甲,かん,,,音读,
交,こう,,,音读,
交,まじ,わる,,训读,
交,まじ,える,,训读,
交,ま,じる,,训读,
交,ま,ざる,,训读,
交,ま,ぜる,,训读,
交,かう,,,训读,
交,か,わす,,训读,
光,こう,,,音读,
光,ひか,る,,训读,
光,ひかり,,,训读,
向,こう,,,音读,
向,む,く,,训读,
向,む,ける,,训读,
向,む,かう,,训读,
向,む,こう,,训读,
后,こう,,,音读,
好,こう,,,音读,
好,この,む,,训读,
好,す,く,,训读,
江,こう,,,音读,
江,え,,,训读,
考,こう,,,音读,
考,かんが,える,,训读,
行,こう,,,音读,
行,ぎょう,,,音读,
行,あん,,,音读,
行,い,く,,训读,
行,ゆ,く,,训读,
行,おこな,う,,训读,
坑,こう,,,音读,
孝,こう,,,音读,
抗,こう,,,音读,
攻,こう,,,音读,
攻,せ,める,,训读,
更,こう,,,音读,
更,さら,,,训读,
更,ふ,ける,,训读,
更,ふ,かす,,训读,
効,こう,,效,音读,效
効,き,く,效,训读,效
幸,こう,,,音读,
幸,さいわ,い,,训读,
幸,さち,,,训读,
幸,しあわ,せ,,训读,
拘,こう,,,音读,
肯,こう,,,音读,
侯,こう,,,音读,
厚,こう,,,音读,
厚,あつ,い,,训读,
恒,こう,,恆,音读,
洪,こう,,,音读,
皇,こう,,,音读,
皇,おう,,,音读,
紅,こう,,,音读,红
紅,く,,,音读,红
紅,べに,,,训读,红
紅,くれない,,,训读,红
荒,こう,,,音读,
荒,あら,い,,训读,
荒,あ,れる,,训读,
荒,あ,らす,,训读,
郊,こう,,,音读,
香,こう,,,音读,
香,きょう,,,音读,
香,か,,,训读,
香,かお,り,,训读,
香,かお,る,,训读,
候,こう,,,音读,
候,そうろう,,,训读,
校,こう,,,音读,
耕,こう,,,音读,
耕,たがや,す,,训读,
航,こう,,,音读,
貢,こう,,,音读,贡
貢,く,,,音读,贡
貢,みつ,ぐ,,训读,贡
降,こう,,,音读,
降,お,りる,,训读,
降,お,ろす,,训读,
降,ふ,る,,训读,
高,こう,,,音读,
高,たか,い,,训读,
高,たか,,,训读,
高,たか,まる,,训读,
高,たか,める,,训读,
康,こう,,,音读,
控,こう,,,音读,
控,ひか,える,,训读,
梗,こう,,,音读,
黄,こう,,黃,音读,
黄,おう,,黃,音读,
黄,き,,黃,训读,
黄,こ,,黃,训读,
喉,こう,,,音读,
喉,のど,,,训读,
慌,こう,,,音读,
慌,あわ,てる,,训读,
慌,あわ,ただしい,,训读,
港,こう,,,音读,
港,みなと,,,训读,
硬,こう,,,音读,
硬,かた,い,,训读,
絞,こう,,,音读,绞
絞,しぼ,る,,训读,绞
絞,し,める,,训读,绞
絞,し,まる,,训读,绞
項,こう,,,音读,项
溝,こう,,,音读,沟
溝,みぞ,,,训读,沟
鉱,こう,,鑛,音读,矿
構,こう,,,音读,构
構,かま,える,,训读,构
構,かま,う,,训读,构
綱,こう,,,音读,纲
綱,つな,,,训读,纲
酵,こう,,,音读,
稿,こう,,,音读,
興,こう,,,音读,兴
興,きょう,,,音读,兴
興,おこ,る,,训读,兴
興,おこ,す,,训读,兴
衡,こう,,,音读,
鋼,こう,,,音读,钢
鋼,はがね,,,训读,钢
講,こう,,,音读,讲
購,こう,,,音读,购
乞,こ,う,,训读,
号,ごう,,號,音读,
合,ごう,,,音读,
合,がっ,,,音读,
合,かっ,,,音读,
合,あ,う,,训读,
合,あ,わす,,训读,
合,あ,わせる,,训读,
拷,ごう,,,音读,
剛,ごう,,,音读,刚
傲,ごう,,,音读,
豪,ごう,,,音读,
克,こく,,,音读,
告,こく,,,音读,
告,つ,げる,,训读,
谷,こく,,,音读,
谷,たに,,,训读,
刻,こく,,,音读,
刻,きざ,む,,训读,
国,こく,,國,音读,
国,くに,,國,训读,
黒,こく,,黑,音读,黑
黒,くろ,,黑,训读,黑
黒,くろ,い,黑,训读,黑
穀,こく,,穀,音读,谷
酷,こく,,,音读,
獄,ごく,,,音读,狱
骨,こつ,,,音读,
骨,ほね,,,训读,
駒,こま,,,训读,驹
込,こ,む,,训读,
込,こ,める,,训读,
頃,ころ,,,训读,顷
今,こん,,,音读,
今,きん,,,音读,
今,いま,,,训读,
困,こん,,,音读,
困,こま,る,,训读,
昆,こん,,,音读,
恨,こん,,,音读,
恨,うら,む,,训读,
恨,うら,めしい,,训读,
根,こん,,,音读,
根,ね,,,训读,
婚,こん,,,音读,
混,こん,,,音读,
混,ま,じる,,训读,
混,ま,ざる,,训读,
混,ま,ぜる,,训读,
混,こ,む,,训读,
痕,こん,,,音读,
痕,あと,,,训读,
紺,こん,,,音读,绀
魂,こん,,,音读,
魂,たましい,,,训读,
墾,こん,,,音读,垦
懇,こん,,,音读,恳
懇,ねんごろ,,,训读,恳
左,さ,,,音读,
左,ひだり,,,训读,
佐,さ,,,音读,
沙,さ,,,音读,
査,さ,,,音读,查
砂,さ,,,音读,
砂,しゃ,,,音读,
砂,すな,,,训读,
唆,さ,,,音读,
唆,そそのか,す,,训读,
差,さ,,,音读,
差,さ,す,,训读,
詐,さ,,,音读,诈
鎖,さ,,,音读,锁
鎖,くさり,,,训读,锁
座,ざ,,,音读,
座,すわ,る,,训读,
挫,ざ,,,音读,
才,さい,,,音读,
再,さい,,,音读,
再,さ,,,音读,
再,ふたた,び,,训读,
災,さい,,,音读,灾
災,わざわ,い,,训读,灾
妻,さい,,,音读,
妻,つま,,,训读,
采,さい,,,音读,
砕,さい,,碎,音读,碎
砕,くだ,く,碎,训读,碎
砕,くだ,ける,碎,训读,碎
宰,さい,,,音读,
栽,さい,,,音读,
彩,さい,,,音读,
彩,いろど,る,,训读,
採,さい,,,音读,采
採,と,る,,训读,采
済,さい,,濟,音读,济
済,す,む,濟,训读,济
済,す,ます,濟,训读,济
祭,さい,,,音读,
祭,まつ,る,,训读,
祭,まつ,り,,训读,
斎,さい,,齋,音读,斋
細,さい,,,音读,细
細,ほそ,い,,训读,细
細,ほそ,る,,训读,细
細,こまか,,,训读,细
細,こま,かい,,训读,细
菜,さい,,,音读,
菜,な,,,训读,
最,さい,,,音读,
最,もっと,も,,训读,
裁,さい,,,音读,
裁,た,つ,,训读,
裁,さば,く,,训读,
債,さい,,,音读,债
催,さい,,,音读,
催,もよお,す,,训读,
塞,さい,,,音读,
塞,そく,,,音读,
塞,ふさ,ぐ,,训读,
塞,ふさ,がる,,训读,
歳,さい,,,音读,岁
歳,せい,,,音读,岁
載,さい,,,音读,载
載,の,せる,,训读,载
載,の,る,,训读,载
際,さい,,,音读,际
際,きわ,,,训读,际
埼,さい,,,训读,
在,ざい,,,音读,
在,あ,る,,训读,
材,ざい,,,音读,
剤,ざい,,劑,音读,剂
財,ざい,,,音读,财
財,さい,,,音读,财
罪,ざい,,,音读,
罪,つみ,,,训读,
崎,さき,,,训读,
作,さく,,,音读,
作,さ,,,音读,
作,つく,る,,训读,
削,さく,,,音读,
削,けず,る,,训读,
昨,さく,,,音读,
柵,さく,,,音读,栅
索,さく,,,音读,
策,さく,,,音读,
酢,さく,,,音读,醋
酢,す,,,训读,醋
搾,さく,,,音读,榨
搾,しぼ,る,,训读,榨
錯,さく,,,音读,错
咲,さ,く,,训读,
冊,さつ,,,音读,册
冊,さく,,,音读,册
札,さつ,,,音读,
札,ふだ,,,训读,
刷,さつ,,,音读,
刷,す,る,,训读,
刹,さつ,,,音读,
刹,せつ,,,音读,
拶,さつ,,,音读,
殺,さつ,,殺,音读,杀
殺,さい,,殺,音读,杀
殺,せつ,,殺,音读,杀
殺,ころ,す,殺,训读,杀
察,さつ,,,音读,
撮,さつ,,,音读,
撮,と,る,,训读,
擦,さつ,,,音读,
擦,す,る,,训读,
擦,す,れる,,训读,
雑,ざつ,,雜,音读,杂
雑,ぞう,,雜,音读,杂
皿,さら,,,训读,
三,さん,,,音读,
三,み,,,训读,
三,み,つ,,训读,
三,みっ,つ,,训读,
山,さん,,,音读,
山,やま,,,训读,
参,さん,,參,音读,
参,まい,る,參,训读,
桟,さん,,棧,音读,栈
蚕,さん,,蠶,音读,
蚕,かいこ,,蠶,训读,
惨,さん,,慘,音读,
惨,ざん,,慘,音读,
惨,みじめ,,慘,训读,
産,さん,,,音读,产
産,う,む,,训读,产
産,う,まれる,,训读,产
産,うぶ,,,训读,产
傘,さん,,,音读,伞
傘,かさ,,,训读,伞
散,さん,,,音读,
散,ち,る,,训读,
散,ち,らす,,训读,
散,ち,らかす,,训读,
散,ち,らかる,,训读,
算,さん,,,音读,
酸,さん,,,音读,
酸,す,い,,训读,
賛,さん,,贊,音读,赞
残,ざん,,殘,音读,
残,のこ,る,殘,训读,
残,のこ,す,殘,训读,
斬,ざん,,,音读,斩
斬,き,る,,训读,斩
暫,ざん,,,音读,暂
士,し,,,音读,
子,し,,,音读,
子,す,,,音读,
子,こ,,,训读,
支,し,,,音读,
支,ささ,える,,训读,
止,し,,,音读,
止,と,まる,,训读,
止,と,める,,训读,
氏,し,,,音读,
氏,うじ,,,训读,
仕,し,,,音读,
仕,じ,,,音读,
仕,つか,える,,训读,
史,し,,,音读,
司,し,,,音读,
四,し,,,音读,
四,よ,,,训读,
四,よ,つ,,训读,
四,よっ,つ,,训读,
四,よん,,,训读,
市,し,,,音读,
市,いち,,,训读,
矢,し,,,音读,
矢,や,,,训读,
旨,し,,,音读,
旨,むね,,,训读,
死,し,,,音读,
死,し,ぬ,,训读,
糸,し,,絲,音读,系
糸,いと,,絲,训读,系
至,し,,,音读,
至,いた,る,,训读,
伺,し,,,音读,
伺,うかが,う,,训读,
志,し,,,音读,
志,こころざ,す,,训读,
志,こころざし,,,训读,
私,し,,,音读,
私,わたくし,,,训读,
私,わたし,,,训读,
使,し,,,音读,
使,つか,う,,训读,
刺,し,,,音读,
刺,さ,す,,训读,
刺,さ,さる,,训读,
始,し,,,音读,
始,はじ,める,,训读,
始,はじ,まる,,训读,
姉,し,,,音读,姐
姉,あね,,,训读,姐
枝,し,,,音读,
枝,えだ,,,训读,
祉,し,,祉,音读,
肢,し,,,音读,
姿,し,,,音读,
姿,すがた,,,训读,
思,し,,,音读,
思,おも,う,,训读,
指,し,,,音读,
指,ゆび,,,训读,
指,さ,す,,训读,
施,し,,,音读,
施,せ,,,音读,
施,ほどこ,す,,训读,
師,し,,,音读,师
恣,し,,,音读,
紙,し,,,音读,纸
紙,かみ,,,训读,纸
脂,し,,,音读,
脂,あぶら,,,训读,
視,し,,視,音读,视
紫,し,,,音读,
紫,むらさき,,,训读,
詞,し,,,音读,词
歯,し,,齒,音读,齿
歯,は,,齒,训读,齿
嗣,し,,,音读,
試,し,,,音读,试
試,こころ,みる,,训读,试
試,ため,す,,训读,试
詩,し,,,音读,诗
資,し,,,音读,资
飼,し,,,音读,饲
飼,か,う,,训读,饲
誌,し,,,音读,志
雌,し,,,音读,
雌,め,,,训读,
雌,めす,,,训读,
摯,し,,,音读,挚
賜,し,,,音读,赐
賜,たまわ,る,,训读,赐
諮,し,,,音读,谘
諮,はか,る,,训读,谘
示,じ,,,音读,
示,し,,,音读,
示,しめ,す,,训读,
字,じ,,,音读,
字,あざ,,,训读,
寺,じ,,,音读,
寺,てら,,,训读,
次,じ,,,音读,
次,し,,,音读,
次,つ,ぐ,,训读,
次,つぎ,,,训读,
耳,じ,,,音读,
耳,みみ,,,训读,
自,じ,,,音读,
自,し,,,音读,
自,みずか,ら,,训读,
似,じ,,,音读,
似,に,る,,训读,
児,じ,,兒,音读,儿
児,に,,兒,音读,儿
事,じ,,,音读,
事,ず,,,音读,
事,こと,,,训读,
侍,じ,,,音读,
侍,さむらい,,,训读,
治,じ,,,音读,
治,ち,,,音读,
治,おさ,める,,训读,
治,おさ,まる,,训读,
治,なお,る,,训读,
治,なお,す,,训读,
持,じ,,,音读,
持,も,つ,,训读,
時,じ,,,音读,时
時,とき,,,训读,时
滋,じ,,,音读,
慈,じ,,,音读,
慈,いつく,しむ,,训读,
辞,じ,,辭,音读,
辞,や,める,辭,训读,
磁,じ,,,音读,
餌［餌］,じ,,,音读,
餌［餌］,えさ,,,训读,
餌［餌］,え,,,训读,
璽,じ,,,音读,玺
鹿,しか,,,训读,
鹿,か,,,训读,
式,しき,,,音读,
識,しき,,,音读,识
軸,じく,,,音读,轴
七,しち,,,音读,
七,なな,,,训读,
七,なな,つ,,训读,
七,なの,,,训读,
𠮟,しつ,,,音读,
𠮟,しか,る,,训读,
失,しつ,,,音读,
失,うしな,う,,训读,
室,しつ,,,音读,
室,むろ,,,训读,
疾,しつ,,,音读,
執,しつ,,,音读,执
執,しゅう,,,音读,执
執,と,る,,训读,执
湿,しつ,,濕,音读,
湿,しめ,る,濕,训读,
湿,しめ,す,濕,训读,
嫉,しつ,,,音读,
漆,しつ,,,音读,
漆,うるし,,,训读,
質,しつ,,,音读,质
質,しち,,,音读,质
質,ち,,,音读,质
実,じつ,,實,音读,实
実,み,,實,训读,实
実,みの,る,實,训读,实
芝,しば,,,训读,
写,しゃ,,寫,音读,
写,うつ,す,寫,训读,
写,うつ,る,寫,训读,
社,しゃ,,社,音读,
社,やしろ,,社,训读,
車,しゃ,,,音读,车
車,くるま,,,训读,车
舎,しゃ,,,音读,舍
者,しゃ,,者,音读,
者,もの,,者,训读,
射,しゃ,,,音读,
射,い,る,,训读,
捨,しゃ,,,音读,舍
捨,す,てる,,训读,舍
赦,しゃ,,,音读,
斜,しゃ,,,音读,
斜,なな,め,,训读,
煮,しゃ,,煮,音读,
煮,に,る,煮,训读,
煮,に,える,煮,训读,
煮,にやす,,煮,训读,
遮,しゃ,,,音读,
遮,さえぎ,る,,训读,
謝,しゃ,,,音读,谢
謝,あやま,る,,训读,谢
邪,じゃ,,,音读,
蛇,じゃ,,,音读,
蛇,だ,,,音读,
蛇,へび,,,训读,
尺,しゃく,,,音读,
借,しゃく,,,音读,
借,か,りる,,训读,
酌,しゃく,,,音读,
酌,く,む,,训读,
釈,しゃく,,釋,音读,释
爵,しゃく,,,音读,
若,じゃく,,,音读,
若,にゃく,,,音读,
若,わか,い,,训读,
若,も,しくは,,训读,
弱,じゃく,,,音读,
弱,よわ,い,,训读,
弱,よわ,る,,训读,
弱,よわ,まる,,训读,
弱,よわ,める,,训读,
寂,じゃく,,,音读,
寂,せき,,,音读,
寂,さび,,,训读,
寂,さび,しい,,训读,
寂,さび,れる,,训读,
手,しゅ,,,音读,
手,て,,,训读,
手,た,,,训读,
主,しゅ,,,音读,
主,す,,,音读,
主,ぬし,,,训读,
主,おも,,,训读,
守,しゅ,,,音读,
守,す,,,音读,
守,まも,る,,训读,
守,も,り,,训读,
朱,しゅ,,,音读,
取,しゅ,,,音读,
取,と,る,,训读,
狩,しゅ,,,音读,
狩,か,る,,训读,
狩,か,り,,训读,
首,しゅ,,,音读,
首,くび,,,训读,
殊,しゅ,,,音读,
殊,こと,,,训读,
珠,しゅ,,,音读,
酒,しゅ,,,音读,
酒,さけ,,,训读,
酒,さか,,,训读,
腫,しゅ,,,音读,肿
腫,は,れる,,训读,肿
腫,は,らす,,训读,肿
種,しゅ,,,音读,种
種,たね,,,训读,种
趣,しゅ,,,音读,
趣,おもむき,,,训读,
寿,じゅ,,壽,音读,
寿,ことぶき,,壽,训读,
受,じゅ,,,音读,
受,う,ける,,训读,
受,う,かる,,训读,
呪,じゅ,,,音读,
呪,のろ,う,,训读,
授,じゅ,,,音读,
授,さず,ける,,训读,
授,さず,かる,,训读,
需,じゅ,,,音读,
儒,じゅ,,,音读,
樹,じゅ,,,音读,树
収,しゅう,,收,音读,收
収,おさ,める,收,训读,收
収,おさ,まる,收,训读,收
囚,しゅう,,,音读,
州,しゅう,,,音读,
州,す,,,训读,
舟,しゅう,,,音读,
舟,ふね,,,训读,
舟,ふな,,,训读,
秀,しゅう,,,音读,
秀,ひい,でる,,训读,
周,しゅう,,,音读,
周,まわ,り,,训读,
宗,しゅう,,,音读,
宗,そう,,,音读,
拾,しゅう,,,音读,
拾,じゅう,,,音读,
拾,ひろ,う,,训读,
秋,しゅう,,,音读,
秋,あき,,,训读,
臭,しゅう,,臭,音读,
臭,くさ,い,臭,训读,
臭,にお,う,臭,训读,
修,しゅう,,,音读,
修,しゅ,,,音读,
修,おさ,める,,训读,
修,おさ,まる,,训读,
袖,しゅう,,,音读,
袖,そで,,,训读,
終,しゅう,,,音读,终
終,お,わる,,训读,终
終,お,える,,训读,终
羞,しゅう,,,音读,
習,しゅう,,,音读,习
習,なら,う,,训读,习
週,しゅう,,,音读,
就,しゅう,,,音读,
就,じゅ,,,音读,
就,つ,く,,训读,
就,つ,ける,,训读,
衆,しゅう,,,音读,众
衆,しゅ,,,音读,众
集,しゅう,,,音读,
集,あつ,まる,,训读,
集,あつ,める,,训读,
集,つど,う,,训读,
愁,しゅう,,,音读,
愁,うれ,える,,训读,
愁,うれ,い,,训读,
酬,しゅう,,,音读,
醜,しゅう,,,音读,丑
醜,みにく,い,,训读,丑
蹴,しゅう,,,音读,
蹴,け,る,,训读,
襲,しゅう,,,音读,袭
襲,おそ,う,,训读,袭
十,じゅう,,,音读,
十,じっ,,,音读,
十,とお,,,训读,
十,と,,,训读,
汁,じゅう,,,音读,
汁,しる,,,训读,
充,じゅう,,,音读,
充,あ,てる,,训读,
住,じゅう,,,音读,
住,す,む,,训读,
住,す,まう,,训读,
柔,じゅう,,,音读,
柔,にゅう,,,音读,
柔,やわらか,,,训读,
柔,やわ,らかい,,训读,
重,じゅう,,,音读,
重,ちょう,,,音读,
重,え,,,训读,
重,おも,い,,训读,
重,かさ,ねる,,训读,
重,かさ,なる,,训读,
従,じゅう,,從,音读,从
従,しょう,,從,音读,从
従,じゅ,,從,音读,从
従,したが,う,從,训读,从
従,したが,える,從,训读,从
渋,じゅう,,澁,音读,涩
渋,しぶ,,澁,训读,涩
渋,しぶ,い,澁,训读,涩
渋,しぶ,る,澁,训读,涩
銃,じゅう,,,音读,铳
獣,じゅう,,獸,音读,兽
獣,けもの,,獸,训读,兽
縦,じゅう,,縱,音读,纵
縦,たて,,縱,训读,纵
叔,しゅく,,,音读,
祝,しゅく,,祝,音读,
祝,しゅう,,祝,音读,
祝,いわ,う,祝,训读,
宿,しゅく,,,音读,
宿,やど,,,训读,
宿,やど,る,,训读,
宿,やど,す,,训读,
淑,しゅく,,,音读,
粛,しゅく,,肅,音读,肃
縮,しゅく,,,音读,缩
縮,ちぢ,む,,训读,缩
縮,ちぢ,まる,,训读,缩
縮,ちぢ,める,,训读,缩
縮,ちぢ,れる,,训读,缩
縮,ちぢ,らす,,训读,缩
塾,じゅく,,,音读,
熟,じゅく,,,音读,
熟,う,れる,,训读,
出,しゅつ,,,音读,
出,すい,,,音读,
出,で,る,,训读,
出,だ,す,,训读,
述,じゅつ,,,音读,
述,の,べる,,训读,
術,じゅつ,,,音读,术
俊,しゅん,,,音读,
春,しゅん,,,音读,
春,はる,,,训读,
瞬,しゅん,,,音读,
瞬,またた,く,,训读,
旬,じゅん,,,音读,
旬,しゅん,,,音读,
巡,じゅん,,,音读,
巡,めぐ,る,,训读,
盾,じゅん,,,音读,
盾,たて,,,训读,
准,じゅん,,,音读,
殉,じゅん,,,音读,
純,じゅん,,,音读,纯
循,じゅん,,,音读,
順,じゅん,,,音读,顺
準,じゅん,,,音读,准
潤,じゅん,,,音读,润
潤,うるお,う,,训读,润
潤,うるお,す,,训读,润
潤,うる,む,,训读,润
遵,じゅん,,,音读,
処,しょ,,處,音读,处
初,しょ,,,音读,
初,はじ,め,,训读,
初,はじ,めて,,训读,
初,はつ,,,训读,
初,うい,,,训读,
初,そめる,,,训读,
所,しょ,,,音读,
所,ところ,,,训读,
書,しょ,,,音读,书
書,か,く,,训读,书
庶,しょ,,,音读,
暑,しょ,,暑,音读,
暑,あつ,い,暑,训读,
署,しょ,,署,音读,
緒,しょ,,緖,音读,绪
緒,ちょ,,緖,音读,绪
緒,お,,緖,训读,绪
諸,しょ,,諸,音读,诸
女,じょ,,,音读,
女,にょ,,,音读,
女,にょう,,,音读,
女,おんな,,,训读,
女,め,,,训读,
如,じょ,,,音读,
如,にょ,,,音读,
助,じょ,,,音读,
助,たす,ける,,训读,
助,たす,かる,,训读,
助,すけ,,,训读,
序,じょ,,,音读,
叙,じょ,,敍,音读,
徐,じょ,,,音读,
除,じょ,,,音读,
除,じ,,,音读,
除,のぞ,く,,训读,
小,しょう,,,音读,
小,ちい,さい,,训读,
小,こ,,,训读,
小,お,,,训读,
升,しょう,,,音读,
升,ます,,,训读,
少,しょう,,,音读,
少,すく,ない,,训读,
少,すこ,し,,训读,
召,しょう,,,音读,
召,め,す,,训读,
匠,しょう,,,音读,
床,しょう,,,音读,
床,とこ,,,训读,
床,ゆか,,,训读,
抄,しょう,,,音读,
肖,しょう,,,音读,
尚,しょう,,,音读,
招,しょう,,,音读,
招,まね,く,,训读,
承,しょう,,,音读,
承,うけたまわ,る,,训读,
昇,しょう,,,音读,升
昇,のぼ,る,,训读,升
松,しょう,,,音读,
松,まつ,,,训读,
沼,しょう,,,音读,
沼,ぬま,,,训读,
昭,しょう,,,音读,
宵,しょう,,,音读,
宵,よい,,,训读,
将,しょう,,將,音读,
消,しょう,,,音读,
消,き,える,,训读,
消,け,す,,训读,
症,しょう,,,音读,
祥,しょう,,祥,音读,
称,しょう,,稱,音读,
笑,しょう,,,音读,
笑,わら,う,,训读,
笑,えむ,,,训读,
唱,しょう,,,音读,
唱,とな,える,,训读,
商,しょう,,,音读,
商,あきな,う,,训读,
渉,しょう,,涉,音读,涉
章,しょう,,,音读,
紹,しょう,,,音读,绍
訟,しょう,,,音读,诉
勝,しょう,,,音读,胜
勝,か,つ,,训读,胜
勝,まさ,る,,训读,胜
掌,しょう,,,音读,
晶,しょう,,,音读,
焼,しょう,,燒,音读,烧
焼,や,く,燒,训读,烧
焼,や,ける,燒,训读,烧
焦,しょう,,,音读,
焦,こ,げる,,训读,
焦,こ,がす,,训读,
焦,こ,がれる,,训读,
焦,あせ,る,,训读,
硝,しょう,,,音读,
粧,しょう,,,音读,妆
詔,しょう,,,音读,诏
詔,みことのり,,,训读,诏
証,しょう,,證,音读,证
象,しょう,,,音读,
象,ぞう,,,音读,
傷,しょう,,,音读,伤
傷,きず,,,训读,伤
傷,いた,む,,训读,伤
傷,いた,める,,训读,伤
奨,しょう,,奬,音读,奖
照,しょう,,,音读,
照,て,る,,训读,
照,て,らす,,训读,
照,て,れる,,训读,
詳,しょう,,,音读,详
詳,くわ,しい,,训读,详
彰,しょう,,,音读,
障,しょう,,,音读,
障,さわ,る,,训读,
憧,しょう,,,音读,
憧,あこが,れる,,训读,
衝,しょう,,,音读,冲
賞,しょう,,,音读,赏
償,しょう,,,音读,偿
償,つぐな,う,,训读,偿
礁,しょう,,,音读,
鐘,しょう,,,音读,钟
鐘,かね,,,训读,钟
上,じょう,,,音读,
上,しょう,,,音读,
上,うえ,,,训读,
上,うわ,,,训读,
上,かみ,,,训读,
上,あ,げる,,训读,
上,あ,がる,,训读,
上,のぼ,る,,训读,
上,のぼ,せる,,训读,
上,のぼ,す,,训读,
丈,じょう,,,音读,
丈,たけ,,,训读,
冗,じょう,,,音读,
条,じょう,,條,音读,
状,じょう,,狀,音读,
乗,じょう,,乘,音读,乘
乗,の,る,乘,训读,乘
乗,の,せる,乘,训读,乘
城,じょう,,,音读,
城,しろ,,,训读,
浄,じょう,,淨,音读,净
剰,じょう,,剩,音读,剩
常,じょう,,,音读,
常,つね,,,训读,
常,とこ,,,训读,
情,じょう,,,音读,
情,せい,,,音读,
情,なさ,け,,训读,
場,じょう,,,音读,场
場,ば,,,训读,场
畳,じょう,,疊,音读,叠
畳,たた,む,疊,训读,叠
畳,たたみ,,疊,训读,叠
蒸,じょう,,,音读,
蒸,む,す,,训读,
蒸,む,れる,,训读,
蒸,む,らす,,训读,
縄,じょう,,繩,音读,绳
縄,なわ,,繩,训读,绳
壌,じょう,,壤,音读,壤
嬢,じょう,,孃,音读,娘
錠,じょう,,,音读,锭
譲,じょう,,讓,音读,让
譲,ゆず,る,讓,训读,让
醸,じょう,,釀,音读,酿
醸,かも,す,釀,训读,酿
色,しょく,,,音读,
色,しき,,,音读,
色,いろ,,,训读,
拭,しょく,,,音读,
拭,ふ,く,,训读,
拭,ぬぐ,う,,训读,
食,しょく,,,音读,
食,じき,,,音读,
食,く,う,,训读,
食,く,らう,,训读,
食,た,べる,,训读,
植,しょく,,,音读,
植,う,える,,训读,
植,う,わる,,训读,
殖,しょく,,,音读,
殖,ふ,える,,训读,
殖,ふ,やす,,训读,
飾,しょく,,,音读,饰
飾,かざ,る,,训读,饰
触,しょく,,觸,音读,
触,ふ,れる,觸,训读,
触,さわ,る,觸,训读,
嘱,しょく,,囑,音读,
織,しょく,,,音读,织
織,しき,,,音读,织
織,お,る,,训读,织
職,しょく,,,音读,职
辱,じょく,,,音读,
辱,はずかし,める,,训读,
尻,しり,,,训读,
心,しん,,,音读,
心,こころ,,,训读,
申,しん,,,音读,
申,もう,す,,训读,
伸,しん,,,音读,
伸,の,びる,,训读,
伸,の,ばす,,训读,
伸,の,べる,,训读,
臣,しん,,,音读,
臣,じん,,,音读,
芯,しん,,,音读,
身,しん,,,音读,
身,み,,,训读,
辛,しん,,,音读,
辛,から,い,,训读,
侵,しん,,,音读,
侵,おか,す,,训读,
信,しん,,,音读,
津,しん,,,音读,
津,つ,,,训读,
神,しん,,神,音读,
神,じん,,神,音读,
神,かみ,,神,训读,
神,かん,,神,训读,
神,こう,,神,训读,
唇,しん,,,音读,
唇,くちびる,,,训读,
娠,しん,,,音读,
振,しん,,,音读,
振,ふ,る,,训读,
振,ふ,るう,,训读,
振,ふ,れる,,训读,
浸,しん,,,音读,
浸,ひた,す,,训读,
浸,ひた,る,,训读,
真,しん,,眞,音读,
真,ま,,眞,训读,
針,しん,,,音读,针
針,はり,,,训读,针
深,しん,,,音读,
深,ふか,い,,训读,
深,ふか,まる,,训读,
深,ふか,める,,训读,
紳,しん,,,音读,绅
進,しん,,,音读,进
進,すす,む,,训读,进
進,すす,める,,训读,进
森,しん,,,音读,
森,もり,,,训读,
診,しん,,,音读,诊
診,み,る,,训读,诊
寝,しん,,寢,音读,
寝,ね,る,寢,训读,
寝,ね,かす,寢,训读,
慎,しん,,愼,音读,
慎,つつし,む,愼,训读,
新,しん,,,音读,
新,あたら,しい,,训读,
新,あらた,,,训读,
新,にい,,,训读,
審,しん,,,音读,审
震,しん,,,音读,
震,ふる,う,,训读,
震,ふる,える,,训读,
薪,しん,,,音读,
薪,たきぎ,,,训读,
親,しん,,,音读,亲
親,おや,,,训读,亲
親,した,しい,,训读,亲
親,した,しむ,,训读,亲
人,じん,,,音读,
人,にん,,,音读,
人,ひと,,,训读,
刃,じん,,,音读,
刃,は,,,训读,
仁,じん,,,音读,
仁,に,,,音读,
尽,じん,,盡,音读,
尽,つ,くす,盡,训读,
尽,つ,きる,盡,训读,
尽,つかす,,盡,训读,
迅,じん,,,音读,
甚,じん,,,音读,
甚,はなは,だ,,训读,
甚,はなは,だしい,,训读,
陣,じん,,,音读,阵
尋,じん,,,音读,寻
尋,たず,ねる,,训读,寻
腎,じん,,,音读,肾
須,す,,,音读,须
図,ず,,圖,音读,图
図,と,,圖,音读,图
図,はか,る,圖,训读,图
水,すい,,,音读,
水,みず,,,训读,
吹,すい,,,音读,
吹,ふ,く,,训读,
垂,すい,,,音读,
垂,た,れる,,训读,
垂,た,らす,,训读,
炊,すい,,,音读,
炊,た,く,,训读,
帥,すい,,,音读,帅
粋,すい,,粹,音读,粹
粋,いき,,粹,训读,粹
衰,すい,,,音读,
衰,おとろ,える,,训读,
推,すい,,,音读,
推,お,す,,训读,
酔,すい,,醉,音读,醉
酔,よ,う,醉,训读,醉
遂,すい,,,音读,
遂,と,げる,,训读,
睡,すい,,,音读,
穂,すい,,穗,音读,穗
穂,ほ,,穗,训读,穗
随,ずい,,隨,音读,
髄,ずい,,髓,音读,髓
枢,すう,,樞,音读,
崇,すう,,,音读,
数,すう,,數,音读,
数,す,,數,音读,
数,かず,,數,训读,
数,かぞ,える,數,训读,
据,す,える,,训读,
据,す,わる,,训读,
杉,すぎ,,,训读,
裾,すそ,,,训读,
寸,すん,,,音读,
瀬,せ,,瀨,训读,濑
是,ぜ,,,音读,
井,せい,,,音读,
井,しょう,,,音读,
井,い,,,训读,
世,せい,,,音读,
世,せ,,,音读,
世,よ,,,训读,
正,せい,,,音读,
正,しょう,,,音读,
正,ただ,しい,,训读,
正,ただ,す,,训读,
正,まさ,,,训读,
生,せい,,,音读,
生,しょう,,,音读,
生,い,きる,,训读,
生,い,かす,,训读,
生,い,ける,,训读,
生,う,まれる,,训读,
生,う,む,,训读,
生,おう,,,训读,
生,は,える,,训读,
生,は,やす,,训读,
生,き,,,训读,
生,なま,,,训读,
成,せい,,,音读,
成,じょう,,,音读,
成,な,る,,训读,
成,な,す,,训读,
西,せい,,,音读,
西,さい,,,音读,
西,にし,,,训读,
声,せい,,聲,音读,
声,しょう,,聲,音读,
声,こえ,,聲,训读,
声,こわ,,聲,训读,
制,せい,,,音读,
姓,せい,,,音读,
姓,しょう,,,音读,
征,せい,,,音读,
性,せい,,,音读,
性,しょう,,,音读,
青,せい,,,音读,
青,しょう,,,音读,
青,あお,,,训读,
青,あお,い,,训读,
斉,せい,,齊,音读,齐
政,せい,,,音读,
政,しょう,,,音读,
政,まつりごと,,,训读,
星,せい,,,音读,
星,しょう,,,音读,
星,ほし,,,训读,
牲,せい,,,音读,
省,せい,,,音读,
省,しょう,,,音读,
省,かえり,みる,,训读,
省,はぶ,く,,训读,
凄,せい,,,音读,
逝,せい,,,音读,
逝,ゆ,く,,训读,
逝,い,く,,训读,
清,せい,,,音读,
清,しょう,,,音读,
清,きよ,い,,训读,
清,きよ,まる,,训读,
清,きよ,める,,训读,
盛,せい,,,音读,
盛,じょう,,,音读,
盛,も,る,,训读,
盛,さかる,,,训读,
盛,さかん,,,训读,
婿,せい,,,音读,
婿,むこ,,,训读,
晴,せい,,,音读,
晴,は,れる,,训读,
晴,は,らす,,训读,
勢,せい,,,音读,势
勢,いきお,い,,训读,势
聖,せい,,,音读,圣
誠,せい,,,音读,诚
誠,まこと,,,训读,诚
精,せい,,,音读,
精,しょう,,,音读,
製,せい,,,音读,制
誓,せい,,,音读,
誓,ちか,う,,训读,
静,せい,,靜,音读,
静,じょう,,靜,音读,
静,しず,,靜,训读,
静,しずか,,靜,训读,
静,しず,まる,靜,训读,
静,しず,める,靜,训读,
請,せい,,,音读,请
請,しん,,,音读,请
請,こ,う,,训读,请
請,う,ける,,训读,请
整,せい,,,音读,
整,ととの,える,,训读,
整,ととの,う,,训读,
醒,せい,,,音读,
税,ぜい,,,音读,
夕,せき,,,音读,
夕,ゆう,,,训读,
斥,せき,,,音读,
石,せき,,,音读,
石,しゃく,,,音读,
石,こく,,,音读,
石,いし,,,训读,
赤,せき,,,音读,
赤,しゃく,,,音读,
赤,あか,,,训读,
赤,あか,い,,训读,
赤,あか,らむ,,训读,
赤,あか,らめる,,训读,
昔,せき,,,音读,
昔,しゃく,,,音读,
昔,むかし,,,训读,
析,せき,,,音读,
席,せき,,,音读,
脊,せき,,,音读,
隻,せき,,,音读,只
惜,せき,,,音读,
惜,お,しい,,训读,
惜,お,しむ,,训读,
戚,せき,,,音读,
責,せき,,,音读,责
責,せ,める,,训读,责
跡,せき,,,音读,迹
跡,あと,,,训读,迹
積,せき,,,音读,积
積,つ,む,,训读,积
積,つ,もる,,训读,积
績,せき,,,音读,绩
籍,せき,,,音读,
切,せつ,,,音读,
切,さい,,,音读,
切,き,る,,训读,
切,き,れる,,训读,
折,せつ,,,音读,
折,お,る,,训读,
折,おり,,,训读,
折,お,れる,,训读,
拙,せつ,,,音读,
拙,つたな,い,,训读,
窃,せつ,,竊,音读,
接,せつ,,,音读,
接,つ,ぐ,,训读,
設,せつ,,,音读,设
設,もう,ける,,训读,设
雪,せつ,,,音读,
雪,ゆき,,,训读,
摂,せつ,,攝,音读,摄
節,せつ,,節,音读,节
節,せち,,節,音读,节
節,ふし,,節,训读,节
説,せつ,,,音读,说
説,ぜい,,,音读,说
説,と,く,,训读,说
舌,ぜつ,,,音读,
舌,した,,,训读,
絶,ぜつ,,,音读,绝
絶,た,える,,训读,绝
絶,た,やす,,训读,绝
絶,た,つ,,训读,绝
千,せん,,,音读,
千,ち,,,训读,
川,せん,,,音读,
川,かわ,,,训读,
仙,せん,,,音读,
占,せん,,,音读,
占,し,める,,训读,
占,うらな,う,,训读,
先,せん,,,音读,
先,さき,,,训读,
宣,せん,,,音读,
専,せん,,專,音读,专
専,もっぱ,ら,專,训读,专
泉,せん,,,音读,
泉,いずみ,,,训读,
浅,せん,,淺,音读,
浅,あさ,い,淺,训读,
洗,せん,,,音读,
洗,あら,う,,训读,
染,せん,,,音读,
染,そ,める,,训读,
染,そ,まる,,训读,
染,し,みる,,训读,
染,し,み,,训读,
扇,せん,,,音读,
扇,おうぎ,,,训读,
栓,せん,,,音读,
旋,せん,,,音读,
船,せん,,,音读,
船,ふね,,,训读,
船,ふな,,,训读,
戦,せん,,戰,音读,战
戦,いくさ,,戰,训读,战
戦,たたか,う,戰,训读,战
煎,せん,,,音读,
煎,い,る,,训读,
羨,せん,,,音读,
羨,うらや,む,,训读,
羨,うらや,ましい,,训读,
腺,せん,,,音读,
詮,せん,,,音读,诠
践,せん,,踐,音读,
箋,せん,,,音读,
銭,せん,,錢,音读,钱
銭,ぜに,,錢,训读,钱
潜,せん,,潛,音读,
潜,ひそ,む,潛,训读,
潜,もぐ,る,潛,训读,
線,せん,,,音读,线
遷,せん,,,音读,迁
選,せん,,,音读,选
選,えら,ぶ,,训读,选
薦,せん,,,音读,荐
薦,すす,める,,训读,荐
繊,せん,,纖,音读,荐
鮮,せん,,,音读,鲜
鮮,あざやか,,,训读,鲜
全,ぜん,,,音读,
全,まった,く,,训读,
全,すべ,て,,训读,
前,ぜん,,,音读,
前,まえ,,,训读,
善,ぜん,,,音读,
善,よ,い,,训读,
然,ぜん,,,音读,
然,ねん,,,音读,
禅,ぜん,,禪,音读,
漸,ぜん,,,音读,渐
膳,ぜん,,,音读,
繕,ぜん,,,音读,缮
繕,つくろ,う,,训读,缮
狙,そ,,,音读,
狙,ねら,う,,训读,
阻,そ,,,音读,
阻,はば,む,,训读,
祖,そ,,祖,音读,
租,そ,,,音读,
素,そ,,,音读,
素,す,,,音读,
措,そ,,,音读,
粗,そ,,,音读,
粗,あら,い,,训读,
組,そ,,,音读,组
組,く,む,,训读,组
組,くみ,,,训读,组
疎,そ,,,音读,疏
疎,うと,い,,训读,疏
疎,うと,む,,训读,疏
訴,そ,,,音读,诉
訴,うった,える,,训读,诉
塑,そ,,,音读,
遡［遡］,そ,,,音读,
遡［遡］,さかのぼ,る,,训读,
礎,そ,,,音读,础
礎,いしずえ,,,训读,础
双,そう,,雙,音读,
双,ふた,,雙,训读,
壮,そう,,壯,音读,
早,そう,,,音读,
早,さっ,,,音读,
早,はや,い,,训读,
早,はや,まる,,训读,
早,はや,める,,训读,
争,そう,,爭,音读,
争,あらそ,う,爭,训读,
走,そう,,,音读,
走,はし,る,,训读,
奏,そう,,,音读,
奏,かな,でる,,训读,
相,そう,,,音读,
相,しょう,,,音读,
相,あい,,,训读,
荘,そう,,莊,音读,庄
草,そう,,,音读,
草,くさ,,,训读,
送,そう,,,音读,
送,おく,る,,训读,
倉,そう,,,音读,仓
倉,くら,,,训读,仓
捜,そう,,搜,音读,搜
捜,さが,す,搜,训读,搜
挿,そう,,插,音读,插
挿,さ,す,插,训读,插
桑,そう,,,音读,
桑,くわ,,,训读,
巣,そう,,巢,音读,巢
巣,す,,巢,训读,巢
掃,そう,,,音读,扫
掃,は,く,,训读,扫
曹,そう,,,音读,
曽,そう,,曾,音读,
曽,ぞ,,曾,音读,
爽,そう,,,音读,
爽,さわやか,,,训读,
窓,そう,,,音读,窗
窓,まど,,,训读,窗
創,そう,,,音读,创
創,つく,る,,训读,创
喪,そう,,,音读,丧
喪,も,,,训读,丧
痩,そう,,瘦,音读,
痩,や,せる,瘦,训读,
葬,そう,,,音读,
葬,ほうむ,る,,训读,
装,そう,,裝,音读,
装,しょう,,裝,音读,
装,よそお,う,裝,训读,
僧,そう,,僧,音读,
想,そう,,,音读,
想,そ,,,音读,
層,そう,,層,音读,层
総,そう,,總,音读,总
遭,そう,,,音读,
遭,あ,う,,训读,
槽,そう,,,音读,
踪,そう,,,音读,
操,そう,,,音读,
操,みさお,,,训读,
操,あやつ,る,,训读,
燥,そう,,,音读,
霜,そう,,,音读,
霜,しも,,,训读,
騒,そう,,騷,音读,骚
騒,さわ,ぐ,騷,训读,骚
藻,そう,,,音读,
藻,も,,,训读,
造,ぞう,,,音读,
造,つく,る,,训读,
像,ぞう,,,音读,
増,ぞう,,增,音读,增
増,ま,す,增,训读,增
増,ふ,える,增,训读,增
増,ふ,やす,增,训读,增
憎,ぞう,,憎,音读,
憎,にく,む,憎,训读,
憎,にく,い,憎,训读,
憎,にく,らしい,憎,训读,
憎,にく,しみ,憎,训读,
蔵,ぞう,,藏,音读,藏
蔵,くら,,藏,训读,藏
贈,ぞう,,贈,音读,赠
贈,そう,,贈,音读,赠
贈,おく,る,贈,训读,赠
臓,ぞう,,臟,音读,脏
即,そく,,卽,音读,
束,そく,,,音读,
束,たば,,,训读,
足,そく,,,音读,
足,あし,,,训读,
足,た,りる,,训读,
足,たる,,,训读,
足,た,す,,训读,
促,そく,,,音读,
促,うなが,す,,训读,
則,そく,,,音读,则
息,そく,,,音读,
息,いき,,,训读,
捉,そく,,,音读,
捉,とら,える,,训读,
速,そく,,,音读,
速,はや,い,,训读,
速,はや,める,,训读,
速,はや,まる,,训读,
速,すみやか,,,训读,
側,そく,,,音读,侧
側,がわ,,,训读,侧
測,そく,,,音读,测
測,はか,る,,训读,测
俗,ぞく,,,音读,
族,ぞく,,,音读,
属,ぞく,,屬,音读,
賊,ぞく,,,音读,贼
続,ぞく,,續,音读,续
続,つづ,く,續,训读,续
続,つづ,ける,續,训读,续
卒,そつ,,,音读,
率,そつ,,,音读,
率,りつ,,,音读,
率,ひき,いる,,训读,
存,そん,,,音读,
存,ぞん,,,音读,
村,そん,,,音读,
村,むら,,,训读,
孫,そん,,,音读,孙
孫,まご,,,训读,孙
尊,そん,,,音读,
尊,たっと,い,,训读,
尊,とうと,い,,训读,
尊,たっと,ぶ,,训读,
尊,とうと,ぶ,,训读,
損,そん,,,音读,损
損,そこ,なう,,训读,损
損,そこ,ねる,,训读,损
遜［遜］,そん,,,音读,
他,た,,,音读,
他,ほか,,,训读,
多,た,,,音读,
多,おお,い,,训读,
汰,た,,,音读,
打,だ,,,音读,
打,う,つ,,训读,
妥,だ,,,音读,
唾,だ,,,音读,
唾,つば,,,训读,
堕,だ,,墮,音读,
惰,だ,,,音读,
駄,だ,,,音读,驮
太,たい,,,音读,
太,た,,,音读,
太,ふと,い,,训读,
太,ふと,る,,训读,
対,たい,,對,音读,对
対,つい,,對,音读,对
体,たい,,體,音读,
体,てい,,體,音读,
体,からだ,,體,训读,
耐,たい,,,音读,
耐,た,える,,训读,
待,たい,,,音读,
待,ま,つ,,训读,
怠,たい,,,音读,
怠,おこた,る,,训读,
怠,なま,ける,,训读,
胎,たい,,,音读,
退,たい,,,音读,
退,しりぞ,く,,训读,
退,しりぞ,ける,,训读,
帯,たい,,帶,音读,带
帯,お,びる,帶,训读,带
帯,おび,,帶,训读,带
泰,たい,,,音读,
堆,たい,,,音读,
袋,たい,,,音读,
袋,ふくろ,,,训读,
逮,たい,,,音读,
替,たい,,,音读,
替,か,える,,训读,
替,か,わる,,训读,
貸,たい,,,音读,贷
貸,か,す,,训读,贷
隊,たい,,,音读,队
滞,たい,,滯,音读,
滞,とどこお,る,滯,训读,
態,たい,,,音读,态
戴,たい,,,音读,
大,だい,,,音读,
大,たい,,,音读,
大,おお,,,训读,
大,おお,きい,,训读,
大,おお,いに,,训读,
代,だい,,,音读,
代,たい,,,音读,
代,か,わる,,训读,
代,か,える,,训读,
代,よ,,,训读,
代,しろ,,,训读,
台,だい,,臺,音读,
台,たい,,臺,音读,
第,だい,,,音读,
題,だい,,,音读,题
滝,たき,,瀧,训读,
宅,たく,,,音读,
択,たく,,擇,音读,择
沢,たく,,澤,音读,泽
沢,さわ,,澤,训读,泽
卓,たく,,,音读,桌
拓,たく,,,音读,
託,たく,,,音读,托
濯,たく,,,音读,
諾,だく,,,音读,诺
濁,だく,,,音读,浊
濁,にご,る,,训读,浊
濁,にご,す,,训读,浊
但,ただ,し,,训读,
達,たつ,,,音读,达
脱,だつ,,,音读,
脱,ぬ,ぐ,,训读,
脱,ぬ,げる,,训读,
奪,だつ,,,音读,夺
奪,うば,う,,训读,夺
棚,たな,,,训读,
誰,だれ,,,训读,谁
丹,たん,,,音读,
旦,たん,,,音读,
旦,だん,,,音读,
担,たん,,擔,音读,
担,かつ,ぐ,擔,训读,
担,にな,う,擔,训读,
単,たん,,單,音读,单
炭,たん,,,音读,
炭,すみ,,,训读,
胆,たん,,膽,音读,
探,たん,,,音读,
探,さぐ,る,,训读,
探,さが,す,,训读,
淡,たん,,,音读,
淡,あわ,い,,训读,
短,たん,,,音读,
短,みじか,い,,训读,
嘆,たん,,嘆,音读,叹
嘆,なげ,く,嘆,训读,叹
嘆,なげ,かわしい,嘆,训读,叹
端,たん,,,音读,
端,はし,,,训读,
端,は,,,训读,
端,はた,,,训读,
綻,たん,,,音读,绽
綻,ほころ,びる,,训读,绽
誕,たん,,,音读,诞
鍛,たん,,,音读,锻
鍛,きた,える,,训读,锻
団,だん,,團,音读,团
団,とん,,團,音读,团
男,だん,,,音读,
男,なん,,,音读,
男,おとこ,,,训读,
段,だん,,,音读,
断,だん,,斷,音读,
断,た,つ,斷,训读,
断,ことわ,る,斷,训读,
弾,だん,,彈,音读,弹
弾,ひ,く,彈,训读,弹
弾,はず,む,彈,训读,弹
弾,たま,,彈,训读,弹
暖,だん,,,音读,
暖,あたたか,,,训读,
暖,あたた,かい,,训读,
暖,あたた,まる,,训读,
暖,あたた,める,,训读,
談,だん,,,音读,谈
壇,だん,,,音读,坛
壇,たん,,,音读,坛
地,ち,,,音读,
地,じ,,,音读,
池,ち,,,音读,
池,いけ,,,训读,
知,ち,,,音读,
知,し,る,,训读,
値,ち,,,音读,值
値,ね,,,训读,值
値,あたい,,,训读,值
恥,ち,,,音读,耻
恥,は,じる,,训读,耻
恥,はじ,,,训读,耻
恥,は,じらう,,训读,耻
恥,は,ずかしい,,训读,耻
致,ち,,,音读,
致,いた,す,,训读,
遅,ち,,遲,音读,迟
遅,おく,れる,遲,训读,迟
遅,おく,らす,遲,训读,迟
遅,おそ,い,遲,训读,迟
痴,ち,,癡,音读,
稚,ち,,,音读,
置,ち,,,音读,
置,お,く,,训读,
緻,ち,,,音读,致
竹,ちく,,,音读,
竹,たけ,,,训读,
畜,ちく,,,音读,
逐,ちく,,,音读,
蓄,ちく,,,音读,
蓄,たくわ,える,,训读,
築,ちく,,,音读,筑
築,きず,く,,训读,筑
秩,ちつ,,,音读,
窒,ちつ,,,音读,
茶,ちゃ,,,音读,
茶,さ,,,音读,
着,ちゃく,,,音读,
着,じゃく,,,音读,
着,き,る,,训读,
着,き,せる,,训读,
着,つ,く,,训读,
着,つ,ける,,训读,
嫡,ちゃく,,,音读,
中,ちゅう,,,音读,
中,じゅう,,,音读,
中,なか,,,训读,
仲,ちゅう,,,音读,
仲,なか,,,训读,
虫,ちゅう,,蟲,音读,
虫,むし,,蟲,训读,
沖,ちゅう,,,音读,冲
沖,おき,,,训读,冲
宙,ちゅう,,,音读,
忠,ちゅう,,,音读,
抽,ちゅう,,,音读,
注,ちゅう,,,音读,
注,そそ,ぐ,,训读,
昼,ちゅう,,晝,音读,
昼,ひる,,晝,训读,
柱,ちゅう,,,音读,
柱,はしら,,,训读,
衷,ちゅう,,,音读,
酎,ちゅう,,,音读,
鋳,ちゅう,,鑄,音读,铸
鋳,い,る,鑄,训读,铸
駐,ちゅう,,,音读,驻
著,ちょ,,著,音读,
著,あらわ,す,著,训读,
著,いちじる,しい,著,训读,
貯,ちょ,,,音读,贮
丁,ちょう,,,音读,
丁,てい,,,音读,
弔,ちょう,,,音读,弗
弔,とむら,う,,训读,弗
庁,ちょう,,廳,音读,厅
兆,ちょう,,,音读,
兆,きざ,す,,训读,
兆,きざ,し,,训读,
町,ちょう,,,音读,
町,まち,,,训读,
長,ちょう,,,音读,长
長,なが,い,,训读,长
挑,ちょう,,,音读,
挑,いど,む,,训读,
帳,ちょう,,,音读,账
張,ちょう,,,音读,张
張,は,る,,训读,张
彫,ちょう,,,音读,雕
彫,ほ,る,,训读,雕
眺,ちょう,,,音读,
眺,なが,める,,训读,
釣,ちょう,,,音读,钓
釣,つ,る,,训读,钓
頂,ちょう,,,音读,顶
頂,いただ,く,,训读,顶
頂,いただき,,,训读,顶
鳥,ちょう,,,音读,鸟
鳥,とり,,,训读,鸟
朝,ちょう,,,音读,
朝,あさ,,,训读,
貼,ちょう,,,音读,贴
貼,は,る,,训读,贴
超,ちょう,,,音读,
超,こ,える,,训读,
超,こ,す,,训读,
腸,ちょう,,,音读,肠
跳,ちょう,,,音读,
跳,は,ねる,,训读,
跳,と,ぶ,,训读,
徴,ちょう,,徵,音读,征
嘲,ちょう,,,音读,
嘲,あざけ,る,,训读,
潮,ちょう,,,音读,
潮,しお,,,训读,
澄,ちょう,,,音读,
澄,す,む,,训读,
澄,す,ます,,训读,
調,ちょう,,,音读,调
調,しら,べる,,训读,调
調,ととの,う,,训读,调
調,ととの,える,,训读,调
聴,ちょう,,聽,音读,听
聴,き,く,聽,训读,听
懲,ちょう,,懲,音读,惩
懲,こ,りる,懲,训读,惩
懲,こ,らす,懲,训读,惩
懲,こ,らしめる,懲,训读,惩
直,ちょく,,,音读,
直,じき,,,音读,
直,ただ,ちに,,训读,
直,なお,す,,训读,
直,なお,る,,训读,
勅,ちょく,,敕,音读,敕
捗,ちょく,,,音读,
沈,ちん,,,音读,
沈,しず,む,,训读,
沈,しず,める,,训读,
珍,ちん,,,音读,
珍,めずら,しい,,训读,
朕,ちん,,,音读,
陳,ちん,,,音读,陈
賃,ちん,,,音读,赁
鎮,ちん,,鎭,音读,镇
鎮,しず,める,鎭,训读,镇
鎮,しず,まる,鎭,训读,镇
追,つい,,,音读,
追,お,う,,训读,
椎,つい,,,音读,
墜,つい,,,音读,坠
通,つう,,,音读,
通,つ,,,音读,
通,とお,る,,训读,
通,とお,す,,训读,
通,かよ,う,,训读,
痛,つう,,,音读,
痛,いた,い,,训读,
痛,いた,む,,训读,
痛,いた,める,,训读,
塚,つか,,塚,训读,冢
漬,つ,ける,,训读,渍
漬,つ,かる,,训读,渍
坪,つぼ,,,训读,
爪,つめ,,,训读,
爪,つま,,,训读,
鶴,つる,,,训读,鹤
低,てい,,,音读,
低,ひく,い,,训读,
低,ひく,める,,训读,
低,ひく,まる,,训读,
呈,てい,,,音读,
廷,てい,,,音读,
弟,てい,,,音读,
弟,だい,,,音读,
弟,で,,,音读,
弟,おとうと,,,训读,
定,てい,,,音读,
定,じょう,,,音读,
定,さだ,める,,训读,
定,さだ,まる,,训读,
定,さだか,,,训读,
底,てい,,,音读,
底,そこ,,,训读,
抵,てい,,,音读,
邸,てい,,,音读,
亭,てい,,,音读,
貞,てい,,,音读,贞
帝,てい,,,音读,
訂,てい,,,音读,订
庭,てい,,,音读,
庭,にわ,,,训读,
逓,てい,,遞,音读,递
停,てい,,,音读,
偵,てい,,,音读,侦
堤,てい,,,音读,
堤,つつみ,,,训读,
提,てい,,,音读,
提,さ,げる,,训读,
程,てい,,,音读,
程,ほど,,,训读,
艇,てい,,,音读,
締,てい,,,音读,缔
締,し,まる,,训读,缔
締,し,める,,训读,缔
諦,てい,,,音读,谛
諦,あきら,める,,训读,谛
泥,でい,,,音读,
泥,どろ,,,训读,
的,てき,,,音读,
的,まと,,,训读,
笛,てき,,,音读,
笛,ふえ,,,训读,
摘,てき,,,音读,
摘,つ,む,,训读,
滴,てき,,,音读,
滴,しずく,,,训读,
滴,したた,る,,训读,
適,てき,,,音读,适
敵,てき,,,音读,敌
敵,かたき,,,训读,敌
溺,でき,,,音读,
溺,おぼ,れる,,训读,
迭,てつ,,,音读,
哲,てつ,,,音读,
鉄,てつ,,鐵,音读,铁
徹,てつ,,,音读,彻
撤,てつ,,,音读,
天,てん,,,音读,
天,あめ,,,训读,
天,あま,,,训读,
典,てん,,,音读,
店,てん,,,音读,
店,みせ,,,训读,
点,てん,,點,音读,
展,てん,,,音读,
添,てん,,,音读,
添,そ,える,,训读,
添,そ,う,,训读,
転,てん,,轉,音读,转
転,ころ,がる,轉,训读,转
転,ころ,げる,轉,训读,转
転,ころ,がす,轉,训读,转
転,ころ,ぶ,轉,训读,转
塡,てん,,,音读,
田,でん,,,音读,
田,た,,,训读,
伝,でん,,傳,音读,传
伝,つた,わる,傳,训读,传
伝,つた,える,傳,训读,传
伝,つた,う,傳,训读,传
殿,でん,,,音读,
殿,てん,,,音读,
殿,との,,,训读,
殿,どの,,,训读,
電,でん,,,音读,电
斗,と,,,音读,
吐,と,,,音读,
吐,は,く,,训读,
妬,と,,,音读,
妬,ねた,む,,训读,
徒,と,,,音读,
途,と,,,音读,
都,と,,都,音读,
都,つ,,都,音读,
都,みやこ,,都,训读,
渡,と,,,音读,
渡,わた,る,,训读,
渡,わた,す,,训读,
塗,と,,,音读,涂
塗,ぬ,る,,训读,涂
賭,と,,,音读,赌
賭,か,ける,,训读,赌
土,ど,,,音读,
土,と,,,音读,
土,つち,,,训读,
奴,ど,,,音读,
努,ど,,,音读,
努,つと,める,,训读,
度,ど,,,音读,
度,と,,,音读,
度,たく,,,音读,
度,たび,,,训读,
怒,ど,,,音读,
怒,いか,る,,训读,
怒,おこ,る,,训读,
刀,とう,,,音读,
刀,かたな,,,训读,
冬,とう,,,音读,
冬,ふゆ,,,训读,
灯,とう,,燈,音读,
灯,ひ,,燈,训读,
当,とう,,當,音读,
当,あ,たる,當,训读,
当,あ,てる,當,训读,
投,とう,,,音读,
投,な,げる,,训读,
豆,とう,,,音读,
豆,ず,,,音读,
豆,まめ,,,训读,
東,とう,,,音读,东
東,ひがし,,,训读,东
到,とう,,,音读,
逃,とう,,,音读,
逃,に,げる,,训读,
逃,に,がす,,训读,
逃,のが,す,,训读,
逃,のが,れる,,训读,
倒,とう,,,音读,
倒,たお,れる,,训读,
倒,たお,す,,训读,
凍,とう,,,音读,冻
凍,こお,る,,训读,冻
凍,こご,える,,训读,冻
唐,とう,,,音读,
唐,から,,,训读,
島,とう,,,音读,岛
島,しま,,,训读,岛
桃,とう,,,音读,
桃,もも,,,训读,
討,とう,,,音读,讨
討,う,つ,,训读,讨
透,とう,,,音读,
透,す,く,,训读,
透,す,かす,,训读,
透,す,ける,,训读,
党,とう,,黨,音读,
悼,とう,,,音读,
悼,いた,む,,训读,
盗,とう,,盜,音读,
盗,ぬす,む,盜,训读,
陶,とう,,,音读,
塔,とう,,,音读,
搭,とう,,,音读,
棟,とう,,,音读,栋
棟,むね,,,训读,栋
棟,むな,,,训读,栋
湯,とう,,,音读,汤
湯,ゆ,,,训读,汤
痘,とう,,,音读,
登,とう,,,音读,
登,と,,,音读,
登,のぼ,る,,训读,
答,とう,,,音读,
答,こた,える,,训读,
答,こた,え,,训读,
等,とう,,,音读,
等,ひと,しい,,训读,
筒,とう,,,音读,
筒,つつ,,,训读,
統,とう,,,音读,统
統,す,べる,,训读,统
稲,とう,,稻,音读,稻
稲,いね,,稻,训读,稻
稲,いな,,稻,训读,稻
踏,とう,,,音读,
踏,ふ,む,,训读,
踏,ふ,まえる,,训读,
糖,とう,,,音读,
頭,とう,,,音读,头
頭,ず,,,音读,头
頭,と,,,音读,头
頭,あたま,,,训读,头
頭,かしら,,,训读,头
謄,とう,,,音读,誊
藤,とう,,,音读,
藤,ふじ,,,训读,
闘,とう,,鬭,音读,战
闘,たたか,う,鬭,训读,战
騰,とう,,,音读,腾
同,どう,,,音读,
同,おな,じ,,训读,
洞,どう,,,音读,
洞,ほら,,,训读,
胴,どう,,,音读,
動,どう,,,音读,动
動,うご,く,,训读,动
動,うご,かす,,训读,动
堂,どう,,,音读,
童,どう,,,音读,
童,わらべ,,,训读,
道,どう,,,音读,
道,とう,,,音读,
道,みち,,,训读,
働,どう,,,音读,动
働,はたら,く,,训读,动
銅,どう,,,音读,铜
導,どう,,,音读,导
導,みちび,く,,训读,导
瞳,どう,,,音读,
瞳,ひとみ,,,训读,
峠,とうげ,,,训读,
匿,とく,,,音读,
特,とく,,,音读,
得,とく,,,音读,
得,え,る,,训读,
得,うる,,,训读,
督,とく,,,音读,
徳,とく,,德,音读,德
篤,とく,,,音读,笃
毒,どく,,,音读,
独,どく,,獨,音读,
独,ひと,り,獨,训读,
読,どく,,讀,音读,读
読,とく,,讀,音读,读
読,とう,,讀,音读,读
読,よ,む,讀,训读,读
栃,とち,,,训读,
凸,とつ,,,音读,
突,とつ,,突,音读,
突,つ,く,突,训读,
届,とど,ける,屆,训读,
届,とど,く,屆,训读,
屯,とん,,,音读,
豚,とん,,,音读,
豚,ぶた,,,训读,
頓,とん,,,音读,顿
貪,どん,,,音读,贪
貪,むさぼ,る,,训读,贪
鈍,どん,,,音读,钝
鈍,にぶ,い,,训读,钝
鈍,にぶ,る,,训读,钝
曇,どん,,,音读,昙
曇,くも,る,,训读,昙
丼,どんぶり,,,训读,
丼,どん,,,训读,
那,な,,,音读,
奈,な,,,音读,
内,ない,,,音读,
内,だい,,,音读,
内,うち,,,训读,
梨,なし,,,训读,
謎［謎］,なぞ,,,训读,
鍋,なべ,,,训读,锅
南,なん,,,音读,
南,な,,,音读,
南,みなみ,,,训读,
軟,なん,,,音读,软
軟,やわらか,,,训读,软
軟,やわ,らかい,,训读,软
難,なん,,難,音读,难
難,かたい,,難,训读,难
難,むずか,しい,難,训读,难
二,に,,,音读,
二,ふた,,,训读,
二,ふた,つ,,训读,
尼,に,,,音读,
尼,あま,,,训读,
弐,に,,貳,音读,弍
匂,にお,う,,训读,
肉,にく,,,音读,
虹,にじ,,,训读,
日,にち,,,音读,
日,じつ,,,音读,
日,ひ,,,训读,
日,か,,,训读,
入,にゅう,,,音读,
入,い,る,,训读,
入,い,れる,,训读,
入,はい,る,,训读,
乳,にゅう,,,音读,
乳,ちち,,,训读,
乳,ち,,,训读,
尿,にょう,,,音读,
任,にん,,,音读,
任,まか,せる,,训读,
任,まか,す,,训读,
妊,にん,,,音读,
忍,にん,,,音读,
忍,しの,ぶ,,训读,
忍,しの,ばせる,,训读,
認,にん,,,音读,认
認,みと,める,,训读,认
寧,ねい,,,音读,宁
熱,ねつ,,,音读,热
熱,あつ,い,,训读,热
年,ねん,,,音读,
年,とし,,,训读,
念,ねん,,,音读,
捻,ねん,,,音读,
粘,ねん,,,音读,
粘,ねば,る,,训读,
燃,ねん,,,音读,
燃,も,える,,训读,
燃,も,やす,,训读,
燃,も,す,,训读,
悩,のう,,惱,音读,恼
悩,なや,む,惱,训读,恼
悩,なや,ます,惱,训读,恼
納,のう,,,音读,纳
納,なっ,,,音读,纳
納,な,,,音读,纳
納,なん,,,音读,纳
納,とう,,,音读,纳
納,おさ,める,,训读,纳
納,おさ,まる,,训读,纳
能,のう,,,音读,
脳,のう,,腦,音读,脑
農,のう,,,音读,农
濃,のう,,,音读,浓
濃,こ,い,,训读,浓
把,は,,,音读,
波,は,,,音读,
波,なみ,,,训读,
派,は,,,音读,
破,は,,,音读,
破,やぶ,る,,训读,
破,やぶ,れる,,训读,
覇,は,,霸,音读,霸
馬,ば,,,音读,马
馬,うま,,,训读,马
馬,ま,,,训读,马
婆,ば,,,音读,
罵,ば,,,音读,
罵,ののし,る,,训读,
拝,はい,,拜,音读,拜
拝,おが,む,拜,训读,拜
杯,はい,,,音读,
杯,さかずき,,,训读,
背,はい,,,音读,
背,せ,,,训读,
背,せい,,,训读,
背,そむ,く,,训读,
背,そむ,ける,,训读,
肺,はい,,,音读,
俳,はい,,,音读,
配,はい,,,音读,
配,くば,る,,训读,
排,はい,,,音读,
敗,はい,,,音读,败
敗,やぶ,れる,,训读,败
廃,はい,,廢,音读,废
廃,すた,れる,廢,训读,废
廃,すた,る,廢,训读,废
輩,はい,,,音读,辈
売,ばい,,賣,音读,卖
売,う,る,賣,训读,卖
売,う,れる,賣,训读,卖
倍,ばい,,,音读,
梅,ばい,,梅,音读,
梅,うめ,,梅,训读,
培,ばい,,,音读,
培,つちか,う,,训读,
陪,ばい,,,音读,
媒,ばい,,,音读,
買,ばい,,,音读,买
買,か,う,,训读,买
賠,ばい,,,音读,赔
白,はく,,,音读,
白,びゃく,,,音读,
白,しろ,,,训读,
白,しら,,,训读,
白,しろ,い,,训读,
伯,はく,,,音读,
拍,はく,,,音读,
拍,ひょう,,,音读,
泊,はく,,,音读,
泊,と,まる,,训读,
泊,と,める,,训读,
迫,はく,,,音读,
迫,せま,る,,训读,
剝,はく,,,音读,
剝,は,がす,,训读,
剝,は,ぐ,,训读,
剝,は,がれる,,训读,
剝,は,げる,,训读,
舶,はく,,,音读,
博,はく,,,音读,
博,ばく,,,音读,
薄,はく,,,音读,
薄,うす,い,,训读,
薄,うす,める,,训读,
薄,うす,まる,,训读,
薄,うす,らぐ,,训读,
薄,うす,れる,,训读,
麦,ばく,,麥,音读,
麦,むぎ,,麥,训读,
漠,ばく,,,音读,
縛,ばく,,,音读,缚
縛,しば,る,,训读,缚
爆,ばく,,,音读,
箱,はこ,,,训读,
箸,はし,,,训读,
畑,はた,,,训读,
畑,はたけ,,,训读,
肌,はだ,,,训读,
八,はち,,,音读,
八,や,,,训读,
八,や,つ,,训读,
八,やっ,つ,,训读,
八,よう,,,训读,
鉢,はち,,,音读,钵
鉢,はつ,,,音读,钵
発,はつ,,發,音读,发
発,ほつ,,發,音读,发
髪,はつ,,髮,音读,发
髪,かみ,,髮,训读,发
伐,ばつ,,,音读,
抜,ばつ,,拔,音读,拔
抜,ぬ,く,拔,训读,拔
抜,ぬ,ける,拔,训读,拔
抜,ぬ,かす,拔,训读,拔
抜,ぬ,かる,拔,训读,拔
罰,ばつ,,,音读,罚
罰,ばち,,,音读,罚
閥,ばつ,,,音读,阀
反,はん,,,音读,
反,ほん,,,音读,
反,たん,,,音读,
反,そ,る,,训读,
反,そ,らす,,训读,
半,はん,,,音读,
半,なか,ば,,训读,
氾,はん,,,音读,
犯,はん,,,音读,
犯,おか,す,,训读,
帆,はん,,,音读,
帆,ほ,,,训读,
汎,はん,,,音读,
伴,はん,,,音读,
伴,ばん,,,音读,
伴,ともな,う,,训读,
判,はん,,,音读,
判,ばん,,,音读,
坂,はん,,,音读,
坂,さか,,,训读,
阪,はん,,,音读,
板,はん,,,音读,
板,ばん,,,音读,
板,いた,,,训读,
版,はん,,,音读,
班,はん,,,音读,
畔,はん,,,音读,
般,はん,,,音读,船
販,はん,,,音读,贩
斑,はん,,,音读,
飯,はん,,,音读,饭
飯,めし,,,训读,饭
搬,はん,,,音读,
煩,はん,,,音读,烦
煩,ぼん,,,音读,烦
煩,わずら,う,,训读,烦
煩,わずら,わす,,训读,烦
頒,はん,,,音读,颁
範,はん,,,音读,范
繁,はん,,繁,音读,
藩,はん,,,音读,
晩,ばん,,晚,音读,晚
番,ばん,,,音读,
蛮,ばん,,蠻,音读,
盤,ばん,,,音读,磐
比,ひ,,,音读,
比,くら,べる,,训读,
皮,ひ,,,音读,
皮,かわ,,,训读,
妃,ひ,,,音读,
否,ひ,,,音读,
否,いな,,,训读,
批,ひ,,,音读,
彼,ひ,,,音读,
彼,かれ,,,训读,
彼,かの,,,训读,
披,ひ,,,音读,
肥,ひ,,,音读,
肥,こ,える,,训读,
肥,こえ,,,训读,
肥,こ,やす,,训读,
肥,こ,やし,,训读,
非,ひ,,,音读,
卑,ひ,,卑,音读,
卑,いや,しい,卑,训读,
卑,いや,しむ,卑,训读,
卑,いや,しめる,卑,训读,
飛,ひ,,,音读,飞
飛,と,ぶ,,训读,飞
飛,と,ばす,,训读,飞
疲,ひ,,,音读,
疲,つか,れる,,训读,
秘,ひ,,祕,音读,
秘,ひ,める,祕,训读,
被,ひ,,,音读,
被,こうむ,る,,训读,
悲,ひ,,,音读,
悲,かな,しい,,训读,
悲,かな,しむ,,训读,
扉,ひ,,,音读,
扉,とびら,,,训读,
費,ひ,,,音读,费
費,つい,やす,,训读,费
費,つい,える,,训读,费
碑,ひ,,碑,音读,
罷,ひ,,,音读,罢
避,ひ,,,音读,
避,さ,ける,,训读,
尾,び,,,音读,
尾,お,,,训读,
眉,び,,,音读,
眉,み,,,音读,
眉,まゆ,,,训读,
美,び,,,音读,
美,うつく,しい,,训读,
備,び,,,音读,备
備,そな,える,,训读,备
備,そな,わる,,训读,备
微,び,,,音读,
鼻,び,,,音读,
鼻,はな,,,训读,
膝,ひざ,,,训读,
肘,ひじ,,,训读,
匹,ひつ,,,音读,
匹,ひき,,,训读,
必,ひつ,,,音读,
必,かなら,ず,,训读,
泌,ひつ,,,音读,
泌,ひ,,,音读,
筆,ひつ,,,音读,笔
筆,ふで,,,训读,笔
姫,ひめ,,,训读,姬
百,ひゃく,,,音读,
氷,ひょう,,,音读,冰
氷,こおり,,,训读,冰
氷,ひ,,,训读,冰
表,ひょう,,,音读,
表,おもて,,,训读,
表,あらわ,す,,训读,
表,あらわ,れる,,训读,
俵,ひょう,,,音读,
俵,たわら,,,训读,
票,ひょう,,,音读,
評,ひょう,,,音读,评
漂,ひょう,,,音读,
漂,ただよ,う,,训读,
標,ひょう,,,音读,标
苗,びょう,,,音读,
苗,なえ,,,训读,
苗,なわ,,,训读,
秒,びょう,,,音读,
病,びょう,,,音读,
病,へい,,,音读,
病,や,む,,训读,
病,やまい,,,训读,
描,びょう,,,音读,
描,えが,く,,训读,
描,か,く,,训读,
猫,びょう,,,音读,
猫,ねこ,,,训读,
品,ひん,,,音读,
品,しな,,,训读,
浜,ひん,,濱,音读,滨
浜,はま,,濱,训读,滨
貧,ひん,,,音读,贫
貧,びん,,,音读,贫
貧,まず,しい,,训读,贫
賓,ひん,,賓,音读,宾
頻,ひん,,頻,音读,频
敏,びん,,敏,音读,
瓶,びん,,甁,音读,
不,ふ,,,音读,
不,ぶ,,,音读,
夫,ふ,,,音读,
夫,ふう,,,音读,
夫,おっと,,,训读,
父,ふ,,,音读,
父,ちち,,,训读,
付,ふ,,,音读,
付,つ,ける,,训读,
付,つ,く,,训读,
布,ふ,,,音读,
布,ぬの,,,训读,
扶,ふ,,,音读,
府,ふ,,,音读,
怖,ふ,,,音读,
怖,こわ,い,,训读,
阜,ふ,,,音读,
附,ふ,,,音读,
訃,ふ,,,音读,讣
負,ふ,,,音读,负
負,ま,ける,,训读,负
負,ま,かす,,训读,负
負,お,う,,训读,负
赴,ふ,,,音读,
赴,おもむ,く,,训读,
浮,ふ,,,音读,
浮,う,く,,训读,
浮,う,かれる,,训读,
浮,う,かぶ,,训读,
浮,う,かべる,,训读,
婦,ふ,,,音读,妇
符,ふ,,,音读,
富,ふ,,,音读,
富,ふう,,,音读,
富,と,む,,训读,
富,とみ,,,训读,
普,ふ,,,音读,
腐,ふ,,,音读,
腐,くさ,る,,训读,
腐,くされる,れ,,训读,
腐,くさ,らす,,训读,
敷,ふ,,,音读,
敷,し,く,,训读,
膚,ふ,,,音读,肤
賦,ふ,,,音读,赋
譜,ふ,,,音读,谱
侮,ぶ,,侮,音读,
侮,あなど,る,侮,训读,
武,ぶ,,,音读,
武,む,,,音读,
部,ぶ,,,音读,
舞,ぶ,,,音读,
舞,ま,う,,训读,
舞,まい,,,训读,
封,ふう,,,音读,
封,ほう,,,音读,
風,ふう,,,音读,风
風,ふ,,,音读,风
風,かぜ,,,训读,风
風,かざ,,,训读,风
伏,ふく,,,音读,
伏,ふ,せる,,训读,
伏,ふ,す,,训读,
服,ふく,,,音读,
副,ふく,,,音读,
幅,ふく,,,音读,
幅,はば,,,训读,
復,ふく,,,音读,复
福,ふく,,福,音读,
腹,ふく,,,音读,
腹,はら,,,训读,
複,ふく,,,音读,复
覆,ふく,,,音读,
覆,おお,う,,训读,
覆,くつがえ,す,,训读,
覆,くつがえ,る,,训读,
払,ふつ,,拂,音读,付
払,はら,う,拂,训读,付
沸,ふつ,,,音读,
沸,わ,く,,训读,
沸,わ,かす,,训读,
仏,ぶつ,,佛,音读,佛
仏,ほとけ,,佛,训读,佛
物,ぶつ,,,音读,
物,もつ,,,音读,
物,もの,,,训读,
粉,ふん,,,音读,
粉,こ,,,训读,
粉,こな,,,训读,
紛,ふん,,,音读,纷
紛,まぎ,れる,,训读,纷
紛,まぎ,らす,,训读,纷
紛,まぎ,らわす,,训读,纷
紛,まぎ,らわしい,,训读,纷
雰,ふん,,,音读,氛
噴,ふん,,,音读,喷
噴,ふ,く,,训读,喷
墳,ふん,,,音读,坟
憤,ふん,,,音读,愤
憤,いきどお,る,,训读,愤
奮,ふん,,,音读,奋
奮,ふる,う,,训读,奋
分,ぶん,,,音读,
分,ふん,,,音读,
分,ぶ,,,音读,
分,わ,ける,,训读,
分,わ,かれる,,训读,
分,わ,かる,,训读,
分,わ,かつ,,训读,
文,ぶん,,,音读,
文,もん,,,音读,
文,ふみ,,,训读,
聞,ぶん,,,音读,闻
聞,もん,,,音读,闻
聞,き,く,,训读,闻
聞,き,こえる,,训读,闻
丙,へい,,,音读,
平,へい,,,音读,
平,びょう,,,音读,
平,たいら,,,训读,
平,ひら,,,训读,
兵,へい,,,音读,
兵,ひょう,,,音读,
併,へい,,倂,音读,并
併,あわ,せる,倂,训读,并
並,へい,,竝,音读,并
並,なみ,,竝,训读,并
並,なら,べる,竝,训读,并
並,なら,ぶ,竝,训读,并
並,なら,びに,竝,训读,并
柄,へい,,,音读,
柄,がら,,,训读,
柄,え,,,训读,
陛,へい,,,音读,
閉,へい,,,音读,闭
閉,と,じる,,训读,闭
閉,と,ざす,,训读,闭
閉,し,める,,训读,闭
閉,し,まる,,训读,闭
塀,へい,,塀,音读,
幣,へい,,,音读,币
弊,へい,,,音读,
蔽,へい,,,音读,
餅［餅］,へい,,餠,音读,
餅［餅］,もち,,餠,训读,
米,べい,,,音读,
米,まい,,,音读,
米,こめ,,,训读,
壁,へき,,,音读,
壁,かべ,,,训读,
璧,へき,,,音读,
癖,へき,,,音读,
癖,くせ,,,训读,
別,べつ,,,音读,别
別,わか,れる,,训读,别
蔑,べつ,,,音读,
蔑,さげす,む,,训读,
片,へん,,,音读,
片,かた,,,训读,
辺,へん,,邊,音读,边
辺,あた,り,邊,训读,边
辺,べ,,邊,训读,边
返,へん,,,音读,
返,かえ,す,,训读,
返,かえ,る,,训读,
変,へん,,變,音读,变
変,か,わる,變,训读,变
変,か,える,變,训读,变
偏,へん,,,音读,
偏,かたよ,る,,训读,
遍,へん,,,音读,
編,へん,,,音读,编
編,あ,む,,训读,编
弁（辨）（瓣）,べん,,辯,音读,
便,べん,,,音读,
便,びん,,,音读,
便,たよ,り,,训读,
勉,べん,,勉,音读,
歩,ほ,,步,音读,步
歩,ぶ,,步,音读,步
歩,ふ,,步,音读,步
歩,ある,く,步,训读,步
歩,あゆ,む,步,训读,步
保,ほ,,,音读,
保,たも,つ,,训读,
哺,ほ,,,音读,
捕,ほ,,,音读,
捕,と,らえる,,训读,
捕,と,らわれる,,训读,
捕,と,る,,训读,
捕,つか,まえる,,训读,
捕,つか,まる,,训读,
補,ほ,,,音读,补
補,おぎな,う,,训读,补
舗,ほ,,,音读,铺
母,ぼ,,,音读,
母,はは,,,训读,
募,ぼ,,,音读,
募,つの,る,,训读,
墓,ぼ,,,音读,
墓,はか,,,训读,
慕,ぼ,,,音读,
慕,した,う,,训读,
暮,ぼ,,,音读,
暮,く,れる,,训读,
暮,く,らす,,训读,
簿,ぼ,,,音读,
方,ほう,,,音读,
方,かた,,,训读,
包,ほう,,,音读,
包,つつ,む,,训读,
芳,ほう,,,音读,
芳,かんば,しい,,训读,
邦,ほう,,,音读,
奉,ほう,,,音读,
奉,ぶ,,,音读,
奉,たてまつ,る,,训读,
宝,ほう,,寶,音读,
宝,たから,,寶,训读,
抱,ほう,,,音读,
抱,だ,く,,训读,
抱,いだ,く,,训读,
抱,かか,える,,训读,
放,ほう,,,音读,
放,はな,す,,训读,
放,はな,つ,,训读,
放,はな,れる,,训读,
放,ほう,る,,训读,
法,ほう,,,音读,
法,はっ,,,音读,
法,ほっ,,,音读,
泡,ほう,,,音读,
泡,あわ,,,训读,
胞,ほう,,,音读,脓
俸,ほう,,,音读,
倣,ほう,,,音读,
倣,なら,う,,训读,
峰,ほう,,,音读,
峰,みね,,,训读,
砲,ほう,,,音读,炮
崩,ほう,,,音读,
崩,くず,れる,,训读,
崩,くず,す,,训读,
訪,ほう,,,音读,访
訪,おとず,れる,,训读,访
訪,たず,ねる,,训读,访
報,ほう,,,音读,报
報,むく,いる,,训读,报
蜂,ほう,,,音读,
蜂,はち,,,训读,
豊,ほう,,豐,音读,丰
豊,ゆたか,,豐,训读,丰
飽,ほう,,,音读,饱
飽,あ,きる,,训读,饱
飽,あかす,,,训读,饱
褒,ほう,,襃,音读,
褒,ほ,める,襃,训读,
縫,ほう,,,音读,缝
縫,ぬ,う,,训读,缝
亡,ぼう,,,音读,
亡,もう,,,音读,
亡,な,い,,训读,
乏,ぼう,,,音读,
乏,とぼ,しい,,训读,
忙,ぼう,,,音读,
忙,いそが,しい,,训读,
坊,ぼう,,,音读,
坊,ぼっ,,,音读,
妨,ぼう,,,音读,
妨,さまた,げる,,训读,
忘,ぼう,,,音读,
忘,わす,れる,,训读,
防,ぼう,,,音读,
防,ふせ,ぐ,,训读,
房,ぼう,,,音读,
房,ふさ,,,训读,
肪,ぼう,,,音读,
某,ぼう,,,音读,
冒,ぼう,,,音读,
冒,おか,す,,训读,
剖,ぼう,,,音读,
紡,ぼう,,,音读,纺
紡,つむ,ぐ,,训读,纺
望,ぼう,,,音读,
望,もう,,,音读,
望,のぞ,む,,训读,
傍,ぼう,,,音读,
傍,かたわ,ら,,训读,
帽,ぼう,,,音读,
棒,ぼう,,,音读,
貿,ぼう,,,音读,贸
貌,ぼう,,,音读,
暴,ぼう,,,音读,
暴,ばく,,,音读,
暴,あば,く,,训读,
暴,あば,れる,,训读,
膨,ぼう,,,音读,
膨,ふく,らむ,,训读,
膨,ふく,れる,,训读,
謀,ぼう,,,音读,谋
謀,む,,,音读,谋
謀,はか,る,,训读,谋
頰,ほお,,,训读,颊
北,ほく,,,音读,
北,きた,,,训读,
木,ぼく,,,音读,
木,もく,,,音读,
木,き,,,训读,
木,こ,,,训读,
朴,ぼく,,,音读,
牧,ぼく,,,音读,
牧,まき,,,训读,
睦,ぼく,,,音读,
僕,ぼく,,,音读,仆
墨,ぼく,,墨,音读,
墨,すみ,,墨,训读,
撲,ぼく,,,音读,扑
没,ぼつ,,,音读,
勃,ぼつ,,,音读,
堀,ほり,,,训读,
本,ほん,,,音读,
本,もと,,,训读,
奔,ほん,,,音读,
翻,ほん,,飜,音读,
翻,ひるがえ,る,飜,训读,
翻,ひるがえ,す,飜,训读,
凡,ぼん,,,音读,
凡,はん,,,音读,
盆,ぼん,,,音读,
麻,ま,,,音读,
麻,あさ,,,训读,
摩,ま,,,音读,
磨,ま,,,音读,
磨,みが,く,,训读,
魔,ま,,,音读,
毎,まい,,每,音读,每
妹,まい,,,音读,
妹,いもうと,,,训读,
枚,まい,,,音读,
昧,まい,,,音读,
埋,まい,,,音读,
埋,う,める,,训读,
埋,う,まる,,训读,
埋,う,もれる,,训读,
幕,まく,,,音读,
幕,ばく,,,音读,
膜,まく,,,音读,
枕,まくら,,,训读,
又,また,,,训读,
末,まつ,,,音读,
末,ばつ,,,音读,
末,すえ,,,训读,
抹,まつ,,,音读,
万,まん,,萬,音读,
万,ばん,,萬,音读,
満,まん,,滿,音读,满
満,み,ちる,滿,训读,满
満,み,たす,滿,训读,满
慢,まん,,,音读,
漫,まん,,,音读,
未,み,,,音读,
味,み,,,音读,
味,あじ,,,训读,
味,あじ,わう,,训读,
魅,み,,,音读,
岬,みさき,,,训读,
密,みつ,,,音读,
蜜,みつ,,,音读,
脈,みゃく,,,音读,脉
妙,みょう,,,音读,
民,みん,,,音读,
民,たみ,,,训读,
眠,みん,,,音读,
眠,ねむ,る,,训读,
眠,ねむ,い,,训读,
矛,む,,,音读,
矛,ほこ,,,训读,
務,む,,,音读,务
務,つと,める,,训读,务
務,つと,まる,,训读,务
無,む,,,音读,无
無,ぶ,,,音读,无
無,な,い,,训读,无
夢,む,,,音读,梦
夢,ゆめ,,,训读,梦
霧,む,,,音读,雾
霧,きり,,,训读,雾
娘,むすめ,,,训读,
名,めい,,,音读,
名,みょう,,,音读,
名,な,,,训读,
命,めい,,,音读,
命,みょう,,,音读,
命,いのち,,,训读,
明,めい,,,音读,
明,みょう,,,音读,
明,あ,かり,,训读,
明,あか,るい,,训读,
明,あか,るむ,,训读,
明,あか,らむ,,训读,
明,あきらか,,,训读,
明,あ,ける,,训读,
明,あ,く,,训读,
明,あ,くる,,训读,
明,あ,かす,,训读,
迷,めい,,,音读,
迷,まよ,う,,训读,
冥,めい,,,音读,
冥,みょう,,,音读,
盟,めい,,,音读,
銘,めい,,,音读,铭
鳴,めい,,,音读,鸣
鳴,な,く,,训读,鸣
鳴,な,る,,训读,鸣
鳴,な,らす,,训读,鸣
滅,めつ,,,音读,灭
滅,ほろ,びる,,训读,灭
滅,ほろ,ぼす,,训读,灭
免,めん,,免,音读,
免,まぬか,れる,免,训读,
面,めん,,,音读,
面,おも,,,训读,
面,おもて,,,训读,
面,つら,,,训读,
綿,めん,,,音读,绵
綿,わた,,,训读,绵
麺,めん,,麵,音读,
茂,も,,,音读,
茂,しげ,る,,训读,
模,も,,,音读,
模,ぼ,,,音读,
毛,もう,,,音读,
毛,け,,,训读,
妄,もう,,,音读,
妄,ぼう,,,音读,
盲,もう,,,音读,
耗,もう,,,音读,
耗,こう,,,音读,
猛,もう,,,音读,
網,もう,,,音读,网
網,あみ,,,训读,网
目,もく,,,音读,
目,ぼく,,,音读,
目,め,,,训读,
目,ま,,,训读,
黙,もく,,默,音读,默
黙,だま,る,默,训读,默
門,もん,,,音读,门
門,かど,,,训读,门
紋,もん,,,音读,纹
問,もん,,,音读,问
問,と,う,,训读,问
問,と,い,,训读,问
問,とん,,,训读,问
冶,や,,,音读,
夜,や,,,音读,
夜,よ,,,训读,
夜,よる,,,训读,
野,や,,,音读,
野,の,,,训读,
弥,や,,彌,训读,
厄,やく,,,音读,
役,やく,,,音读,
役,えき,,,音读,
約,やく,,,音读,约
訳,やく,,譯,音读,译
訳,わけ,,譯,训读,译
薬,やく,,藥,音读,药
薬,くすり,,藥,训读,药
躍,やく,,,音读,跃
躍,おど,る,,训读,跃
闇,やみ,,,训读,
由,ゆ,,,音读,
由,ゆう,,,音读,
由,ゆい,,,音读,
由,よし,,,训读,
油,ゆ,,,音读,
油,あぶら,,,训读,
喩,ゆ,,,音读,
愉,ゆ,,,音读,
諭,ゆ,,,音读,谕
諭,さと,す,,训读,谕
輸,ゆ,,,音读,输
癒,ゆ,,,音读,愈
癒,い,える,,训读,愈
癒,い,やす,,训读,愈
唯,ゆい,,,音读,
唯,い,,,音读,
友,ゆう,,,音读,
友,とも,,,训读,
有,ゆう,,,音读,
有,う,,,音读,
有,あ,る,,训读,
勇,ゆう,,,音读,
勇,いさ,む,,训读,
幽,ゆう,,,音读,
悠,ゆう,,,音读,
郵,ゆう,,,音读,邮
湧,ゆう,,,音读,
湧,わ,く,,训读,
猶,ゆう,,,音读,犹
裕,ゆう,,,音读,
遊,ゆう,,,音读,游
遊,ゆ,,,音读,游
遊,あそ,ぶ,,训读,游
雄,ゆう,,,音读,
雄,お,,,训读,
雄,おす,,,训读,
誘,ゆう,,,音读,诱
誘,さそ,う,,训读,诱
憂,ゆう,,,音读,忧
憂,うれ,える,,训读,忧
憂,うれ,い,,训读,忧
憂,う,い,,训读,忧
融,ゆう,,,音读,
優,ゆう,,,音读,优
優,やさ,しい,,训读,优
優,すぐ,れる,,训读,优
与,よ,,與,音读,
与,あた,える,與,训读,
予,よ,,豫,音读,
余,よ,,餘,音读,
余,あま,る,餘,训读,
余,あま,す,餘,训读,
誉,よ,,譽,音读,
誉,ほま,れ,譽,训读,
預,よ,,,音读,预
預,あず,ける,,训读,预
預,あず,かる,,训读,预
幼,よう,,,音读,
幼,おさな,い,,训读,
用,よう,,,音读,
用,もち,いる,,训读,
羊,よう,,,音读,
羊,ひつじ,,,训读,
妖,よう,,,音读,
妖,あや,しい,,训读,
洋,よう,,,音读,
要,よう,,,音读,
要,かなめ,,,训读,
要,い,る,,训读,
容,よう,,,音读,
庸,よう,,,音读,
揚,よう,,,音读,扬
揚,あ,げる,,训读,扬
揚,あ,がる,,训读,扬
揺,よう,,搖,音读,摇
揺,ゆ,れる,搖,训读,摇
揺,ゆる,,搖,训读,摇
揺,ゆ,らぐ,搖,训读,摇
揺,ゆ,るぐ,搖,训读,摇
揺,ゆ,する,搖,训读,摇
揺,ゆ,さぶる,搖,训读,摇
揺,ゆ,すぶる,搖,训读,摇
葉,よう,,,音读,叶
葉,は,,,训读,叶
陽,よう,,,音读,阳
溶,よう,,,音读,
溶,と,ける,,训读,
溶,と,かす,,训读,
溶,と,く,,训读,
腰,よう,,,音读,
腰,こし,,,训读,
様,よう,,樣,音读,样
様,さま,,樣,训读,样
瘍,よう,,,音读,疡
踊,よう,,,音读,
踊,おど,る,,训读,
踊,おど,り,,训读,
窯,よう,,,音读,窑
窯,かま,,,训读,窑
養,よう,,,音读,养
養,やしな,う,,训读,养
擁,よう,,,音读,拥
謡,よう,,謠,音读,谣
謡,うたい,,謠,训读,谣
謡,うた,う,謠,训读,谣
曜,よう,,,音读,
抑,よく,,,音读,
抑,おさ,える,,训读,
沃,よく,,,音读,
浴,よく,,,音读,
浴,あ,びる,,训读,
浴,あ,びせる,,训读,
欲,よく,,,音读,
欲,ほっ,する,,训读,
欲,ほ,しい,,训读,
翌,よく,,,音读,
翼,よく,,,音读,
翼,つばさ,,,训读,
拉,ら,,,音读,
裸,ら,,,音读,
裸,はだか,,,训读,
羅,ら,,,音读,罗
来,らい,,來,音读,
来,く,る,來,训读,
来,きた,る,來,训读,
来,きた,す,來,训读,
雷,らい,,,音读,
雷,かみなり,,,训读,
頼,らい,,賴,音读,赖
頼,たの,む,賴,训读,赖
頼,たの,もしい,賴,训读,赖
頼,たよ,る,賴,训读,赖
絡,らく,,,音读,络
絡,から,む,,训读,络
絡,から,まる,,训读,络
絡,から,める,,训读,络
落,らく,,,音读,
落,お,ちる,,训读,
落,お,とす,,训读,
酪,らく,,,音读,
辣,らつ,,,音读,
乱,らん,,亂,音读,
乱,みだ,れる,亂,训读,
乱,みだ,す,亂,训读,
卵,らん,,,音读,
卵,たまご,,,训读,
覧,らん,,覽,音读,览
濫,らん,,,音读,滥
藍,らん,,,音读,蓝
藍,あい,,,训读,蓝
欄,らん,,欄,音读,栏
吏,り,,,音读,
利,り,,,音读,
利,き,く,,训读,
里,り,,,音读,
里,さと,,,训读,
理,り,,,音读,
痢,り,,,音读,
裏,り,,,音读,里
裏,うら,,,训读,里
履,り,,,音读,
履,は,く,,训读,
璃,り,,,音读,
離,り,,,音读,离
離,はな,れる,,训读,离
離,はな,す,,训读,离
陸,りく,,,音读,陆
立,りつ,,,音读,
立,りゅう,,,音读,
立,た,つ,,训读,
立,た,てる,,训读,
律,りつ,,,音读,
律,りち,,,音读,
慄,りつ,,,音读,
略,りゃく,,,音读,
柳,りゅう,,,音读,
柳,やなぎ,,,训读,
流,りゅう,,,音读,
流,る,,,音读,
流,なが,れる,,训读,
流,なが,す,,训读,
留,りゅう,,,音读,
留,る,,,音读,
留,と,める,,训读,
留,と,まる,,训读,
竜,りゅう,,龍,音读,龙
竜,たつ,,龍,训读,龙
粒,りゅう,,,音读,
粒,つぶ,,,训读,
隆,りゅう,,隆,音读,
硫,りゅう,,,音读,
侶,りょ,,,音读,
旅,りょ,,,音读,
旅,たび,,,训读,
虜,りょ,,虜,音读,虏
慮,りょ,,,音读,虑
了,りょう,,,音读,
両,りょう,,兩,音读,两
良,りょう,,,音读,
良,よ,い,,训读,
料,りょう,,,音读,
涼,りょう,,,音读,凉
涼,すず,しい,,训读,凉
涼,すず,む,,训读,凉
猟,りょう,,獵,音读,猎
陵,りょう,,,音读,
陵,みささぎ,,,训读,
量,りょう,,,音读,
量,はか,る,,训读,
僚,りょう,,,音读,
領,りょう,,,音读,领
寮,りょう,,,音读,
療,りょう,,,音读,疗
瞭,りょう,,,音读,了
糧,りょう,,,音读,粮
糧,ろう,,,音读,粮
糧,かて,,,训读,粮
力,りょく,,,音读,
力,りき,,,音读,
力,ちから,,,训读,
緑,りょく,,綠,音读,绿
緑,ろく,,綠,音读,绿
緑,みどり,,綠,训读,绿
林,りん,,,音读,
林,はやし,,,训读,
厘,りん,,,音读,
倫,りん,,,音读,伦
輪,りん,,,音读,轮
輪,わ,,,训读,轮
隣,りん,,,音读,邻
隣,となる,,,训读,邻
隣,となり,,,训读,邻
臨,りん,,,音读,临
臨,のぞ,む,,训读,临
瑠,る,,,音读,
涙,るい,,淚,音读,泪
涙,なみだ,,淚,训读,泪
累,るい,,,音读,
塁,るい,,壘,音读,垒
類,るい,,類,音读,类
類,たぐ,い,類,训读,类
令,れい,,,音读,
礼,れい,,禮,音读,
礼,らい,,禮,音读,
冷,れい,,,音读,
冷,つめ,たい,,训读,
冷,ひ,える,,训读,
冷,ひ,や,,训读,
冷,ひ,やす,,训读,
冷,ひ,やかす,,训读,
冷,さ,める,,训读,
冷,さ,ます,,训读,
励,れい,,勵,音读,
励,はげ,む,勵,训读,
励,はげ,ます,勵,训读,
戻,れい,,戾,音读,戾
戻,もど,す,戾,训读,戾
戻,もど,る,戾,训读,戾
例,れい,,,音读,
例,たと,える,,训读,
鈴,れい,,,音读,铃
鈴,りん,,,音读,铃
鈴,すず,,,训读,铃
零,れい,,,音读,
霊,れい,,靈,音读,灵
霊,りょう,,靈,音读,灵
霊,たま,,靈,训读,灵
隷,れい,,,音读,隶
齢,れい,,齡,音读,龄
麗,れい,,,音读,丽
麗,うるわ,しい,,训读,丽
暦,れき,,曆,音读,历
暦,こよみ,,曆,训读,历
歴,れき,,歷,音读,历
列,れつ,,,音读,
劣,れつ,,,音读,
劣,おと,る,,训读,
烈,れつ,,,音读,
裂,れつ,,,音读,
裂,さ,く,,训读,
裂,さ,ける,,训读,
恋,れん,,戀,音读,
恋,こう,,戀,训读,
恋,こい,,戀,训读,
恋,こい,しい,戀,训读,
連,れん,,,音读,连
連,つら,なる,,训读,连
連,つら,ねる,,训读,连
連,つ,れる,,训读,连
廉,れん,,,音读,
練,れん,,練,音读,练
練,ね,る,練,训读,练
錬,れん,,鍊,音读,炼
呂,ろ,,,音读,
炉,ろ,,爐,音读,
賂,ろ,,,音读,赂
路,ろ,,,音读,
路,じ,,,训读,
露,ろ,,,音读,
露,ろう,,,音读,
露,つゆ,,,训读,
老,ろう,,,音读,
老,お,いる,,训读,
老,ふ,ける,,训读,
労,ろう,,勞,音读,劳
弄,ろう,,,音读,
弄,もてあそ,ぶ,,训读,
郎,ろう,,郞,音读,
朗,ろう,,朗,音读,
朗,ほがらか,,朗,训读,
浪,ろう,,,音读,
廊,ろう,,廊,音读,
楼,ろう,,樓,音读,
漏,ろう,,,音读,
漏,も,る,,训读,
漏,も,れる,,训读,
漏,も,らす,,训读,
籠,ろう,,,音读,笼
籠,かご,,,训读,笼
籠,こ,もる,,训读,笼
六,ろく,,,音读,
六,む,,,训读,
六,む,つ,,训读,
六,むっ,つ,,训读,
六,むい,,,训读,
録,ろく,,錄,音读,录
麓,ろく,,,音读,
麓,ふもと,,,训读,
論,ろん,,,音读,论
和,わ,,,音读,
和,お,,,音读,
和,やわ,らぐ,,训读,
和,やわ,らげる,,训读,
和,なご,む,,训读,
和,なごやか,,,训读,
話,わ,,,音读,话
話,はな,す,,训读,话
話,はなし,,,训读,话
賄,わい,,,音读,贿
賄,まかな,う,,训读,贿
脇,わき,,,训读,
惑,わく,,,音读,
惑,まど,う,,训读,
枠,わく,,,训读,
湾,わん,,灣,音读,
腕,わん,,,音读,
腕,うで,,,训读,
